One,NUM,O
of,ADP,O
the,DET,O
best,ADJ,O
jobs,NOUN,O
in,ADP,O
media,NOUN,O
just,ADV,O
opened,VERB,O
up,PART,O
:,PUNCT,O
running,VERB,O
TechCrunch,PROPN,U-COM
',PROPN,O
business,NOUN,O
and,CONJ,O
AOL,PROPN,U-COM
',PROPN,O
other,ADJ,O
technology,NOUN,O
properties,NOUN,O
(,PUNCT,O
Engadget,PROPN,U-COM
",",PUNCT,O
Joystiq,PROPN,U-COM
",",PUNCT,O
and,CONJ,O
The,DET,B-COM
Unofficial,ADJ,I-COM
Apple,PROPN,I-COM
Weblog,PROPN,L-COM
),PUNCT,O
.,PUNCT,O
##END,###,O
AOL,PROPN,U-COM
is,VERB,O
hiring,VERB,O
a,DET,O
COO,PROPN,O
(,PUNCT,O
apply,VERB,O
here,ADV,O
),PUNCT,O
to,PART,O
lead,VERB,O
all,DET,O
of,ADP,O
its,ADJ,O
technology,NOUN,O
properties,NOUN,O
",",PUNCT,O
which,ADJ,O
collectively,ADV,O
reach,VERB,O
30,NUM,O
million,NUM,O
people,NOUN,O
a,DET,O
month,NOUN,O
and,CONJ,O
produce,VERB,O
250,NUM,O
million,NUM,O
pageviews,NOUN,O
.,PUNCT,O
##END,###,O
The,DET,O
job,NOUN,O
is,VERB,O
in,ADP,O
San,PROPN,B-GPE
Francisco,PROPN,L-GPE
",",PUNCT,O
working,VERB,O
out,ADP,O
of,ADP,O
TechCrunch,PROPN,U-COM
',PROPN,O
offices,NOUN,O
.,PUNCT,O
##END,###,O
The,DET,O
COO,PROPN,O
will,VERB,O
oversee,VERB,O
the,DET,O
business,NOUN,O
side,NOUN,O
of,ADP,O
all,ADJ,O
the,DET,O
tech,NOUN,O
sites,NOUN,O
",",PUNCT,O
the,DET,O
conference,NOUN,O
business,NOUN,O
(,PUNCT,O
which,ADJ,O
includes,VERB,O
Disrupt,PROPN,U-EVT
",",PUNCT,O
the,DET,O
Crunchies,PROPN,U-EVT
",",PUNCT,O
and,CONJ,O
more,ADV,O
),PUNCT,O
",",PUNCT,O
and,CONJ,O
other,ADJ,O
products,NOUN,O
such,ADJ,O
as,ADP,O
CrunchBase,PROPN,U-PDT
.,PUNCT,O
##END,###,O
It,PRON,O
',VERB,O
a,DET,O
big,ADJ,O
job,NOUN,O
with,ADP,O
big,ADJ,O
shoes,NOUN,O
to,PART,O
fill,VERB,O
(,PUNCT,O
former,ADJ,O
TechCrunch,PROPN,U-COM
CEO,PROPN,O
and,CONJ,O
AOL,PROPN,U-COM
Tech,PROPN,O
GM,PROPN,O
Heather,PROPN,B-PPL
Harde,PROPN,L-PPL
',PUNCT,O
s,NOUN,O
),PUNCT,O
.,PUNCT,O
##END,###,O
The,DET,O
role,NOUN,O
requires,VERB,O
the,DET,O
ability,NOUN,O
to,PART,O
manage,VERB,O
across,ADP,O
several,ADJ,O
disciplines,NOUN,O
:,PUNCT,O
product,NOUN,O
management,NOUN,O
",",PUNCT,O
sales,NOUN,O
",",PUNCT,O
engineering,NOUN,O
",",PUNCT,O
and,CONJ,O
events,NOUN,O
",",PUNCT,O
while,ADP,O
acting,VERB,O
as,ADP,O
a,DET,O
liaison,NOUN,O
between,ADP,O
the,DET,O
editors,NOUN,O
of,ADP,O
each,DET,O
site,NOUN,O
and,CONJ,O
the,DET,O
rest,NOUN,O
of,ADP,O
AOL,PROPN,U-COM
.,PUNCT,O
##END,###,O
It,PRON,O
',VERB,O
basically,ADV,O
like,ADP,O
being,VERB,O
the,DET,O
CEO,NOUN,O
of,ADP,O
a,DET,O
startup,NOUN,O
within,ADP,O
a,DET,O
larger,ADJ,O
company,NOUN,O
.,PUNCT,O
##END,###,O
The,DET,O
ideal,ADJ,O
candidates,NOUN,O
will,VERB,O
have,VERB,O
a,DET,O
combination,NOUN,O
of,ADP,O
startup,ADJ,O
DNA,NOUN,O
and,CONJ,O
media,NOUN,O
company,NOUN,O
experience,NOUN,O
.,PUNCT,O
##END,###,O
They,PRON,O
've,VERB,O
grown,VERB,O
businesses,NOUN,O
",",PUNCT,O
managed,VERB,O
large,ADJ,O
teams,NOUN,O
",",PUNCT,O
and,CONJ,O
can,VERB,O
easily,ADV,O
orchestrate,VERB,O
a,DET,O
dozen,NOUN,O
moving,VERB,O
parts,NOUN,O
.,PUNCT,O
##END,###,O
But,CONJ,O
most,ADV,O
importantly,ADV,O
",",PUNCT,O
they,PRON,O
have,VERB,O
the,DET,O
drive,NOUN,O
to,PART,O
take,VERB,O
some,DET,O
of,ADP,O
the,DET,O
best,ADJ,O
technology,NOUN,O
media,NOUN,O
brands,NOUN,O
on,ADP,O
the,DET,O
Internet,NOUN,O
and,CONJ,O
build,VERB,O
them,PRON,O
into,ADP,O
a,DET,O
substantially,ADV,O
larger,ADJ,O
businesses,NOUN,O
than,ADP,O
they,PRON,O
already,ADV,O
are,VERB,O
today,NOUN,O
.,PUNCT,O
##END,###,O
What,NOUN,O
would,VERB,O
you,PRON,O
do,VERB,O
to,PART,O
take,VERB,O
TechCrunch,PROPN,U-COM
",",PUNCT,O
Engadget,PROPN,U-COM
and,CONJ,O
AOL,PROPN,U-COM
',VERB,O
other,ADJ,O
tech,NOUN,O
sites,NOUN,O
to,ADP,O
the,DET,O
next,ADJ,O
level,NOUN,O
?,PUNCT,O
##END,###,O
If,ADP,O
you,PRON,O
have,VERB,O
a,DET,O
good,ADJ,O
answer,NOUN,O
",",PUNCT,O
and,CONJ,O
the,DET,O
experience,NOUN,O
to,PART,O
back,VERB,O
it,PRON,O
up,PART,O
",",PUNCT,O
you,PRON,O
can,VERB,O
read,VERB,O
more,ADJ,O
about,ADP,O
the,DET,O
position,NOUN,O
and,CONJ,O
apply,VERB,O
here,ADV,O
.,PUNCT,O
##END,###,O
We,PRON,O
have,VERB,O
big,ADJ,O
plans,NOUN,O
for,ADP,O
2012,NUM,U-DAT
",",PUNCT,O
and,CONJ,O
are,VERB,O
staffing,VERB,O
up,PART,O
to,PART,O
make,VERB,O
them,PRON,O
happen,VERB,O
.,PUNCT,O
##END,###,O
TechCrunch,PROPN,U-COM
is,VERB,O
also,ADV,O
hiring,VERB,O
a,DET,O
lead,ADJ,O
product,NOUN,O
manager,NOUN,O
",",PUNCT,O
who,NOUN,O
will,VERB,O
report,VERB,O
to,ADP,O
the,DET,O
COO,PROPN,O
and,CONJ,O
own,VERB,O
the,DET,O
product,NOUN,O
roadmap,NOUN,O
for,ADP,O
the,DET,O
TechCrunch,PROPN,U-COM
site,NOUN,O
",",PUNCT,O
Crunchbase,PROPN,U-PDT
",",PUNCT,O
TechCrunch,PROPN,B-PDT
TV,PROPN,L-PDT
",",PUNCT,O
and,CONJ,O
future,ADJ,O
mobile,ADJ,O
apps,NOUN,O
.,PUNCT,O
##END,###,O
Keep,VERB,O
an,DET,O
eye,NOUN,O
on,ADP,O
CrunchBoard,PROPN,U-PDT
for,ADP,O
other,ADJ,O
positions,NOUN,O
in,ADP,O
sales,NOUN,O
",",PUNCT,O
engineering,NOUN,O
",",PUNCT,O
events,NOUN,O
",",PUNCT,O
and,CONJ,O
editorial,NOUN,O
(,PUNCT,O
where,ADV,O
we,PRON,O
are,VERB,O
continually,ADV,O
adding,VERB,O
to,ADP,O
the,DET,O
writing,NOUN,O
staff,NOUN,O
),PUNCT,O
.,PUNCT,O
##END,###,O
An,DET,O
update,NOUN,O
to,ADP,O
the,DET,O
Sonos,PROPN,U-PDT
firmware,NOUN,O
and,CONJ,O
controller,NOUN,O
now,ADV,O
allows,VERB,O
Android,ADJ,U-PDT
users,NOUN,O
to,PART,O
manage,VERB,O
their,ADJ,O
devices,NOUN,O
on,ADP,O
a,DET,O
Honeycomb,PROPN,U-PDT
tablet,NOUN,O
in,ADP,O
a,DET,O
native,ADJ,O
slate,NOUN,O
format,NOUN,O
",",PUNCT,O
eschewing,VERB,O
the,DET,O
original,ADJ,O
portrait,NOUN,O
-,PUNCT,O
only,ADV,O
Android,PROPN,U-PDT
phone,NOUN,O
app,NOUN,O
.,PUNCT,O
##END,###,O
The,DET,O
new,ADJ,O
version,NOUN,O
supports,VERB,O
the,DET,O
Kindle,PROPN,B-PDT
Fire,PROPN,L-PDT
as,ADV,O
well,ADV,O
.,PUNCT,O
##END,###,O
Users,NOUN,O
can,VERB,O
also,ADV,O
now,ADV,O
Tweet,PROPN,O
the,DET,O
titles,NOUN,O
of,ADP,O
music,NOUN,O
they,PRON,O
're,VERB,O
listening,VERB,O
to,PART,O
right,ADV,O
from,ADP,O
the,DET,O
app,NOUN,O
.,PUNCT,O
##END,###,O
The,DET,O
app,NOUN,O
now,ADV,O
also,ADV,O
supports,VERB,O
Slacker,PROPN,B-PDT
radio,NOUN,L-PDT
and,CONJ,O
an,DET,O
updated,VERB,O
version,NOUN,O
of,ADP,O
the,DET,O
Sonos,PROPN,B-COM
Labs,PROPN,L-COM
API,PROPN,O
",",PUNCT,O
allowing,VERB,O
programmers,NOUN,O
to,PART,O
interact,VERB,O
directly,ADV,O
with,ADP,O
the,DET,O
Sonos,PROPN,U-COM
server,NOUN,O
and,CONJ,O
add,VERB,O
new,ADJ,O
channels,NOUN,O
easily,ADV,O
.,PUNCT,O
##END,###,O
The,DET,O
3.6,NUM,O
update,NOUN,O
also,ADV,O
adds,VERB,O
some,DET,O
minor,ADJ,O
bug,NOUN,O
fixes,NOUN,O
to,ADP,O
Sonos,PROPN,U-COM
hardware,NOUN,O
devices,NOUN,O
.,PUNCT,O
##END,###,O
The,DET,O
updates,NOUN,O
should,VERB,O
download,VERB,O
automatically,ADV,O
upon,ADP,O
starting,VERB,O
any,DET,O
Sonos,ADJ,U-COM
desktop,NOUN,O
or,CONJ,O
mobile,NOUN,O
controller,NOUN,O
.,PUNCT,O
##END,###,O
Find,VERB,O
and,CONJ,O
play,VERB,O
any,DET,O
song,NOUN,O
",",PUNCT,O
in,ADP,O
any,DET,O
room,NOUN,O
",",PUNCT,O
right,INTJ,O
from,ADP,O
your,ADJ,O
favorite,ADJ,O
Android,ADJ,O
device,NOUN,O
(,PUNCT,O
running,VERB,O
2.2,NUM,O
and,CONJ,O
higher,ADJ,O
),PUNCT,O
",",PUNCT,O
with,ADP,O
one,NUM,O
free,ADJ,O
app,NOUN,O
.,PUNCT,O
##END,###,O
View,VERB,O
your,ADJ,O
zones,NOUN,O
",",PUNCT,O
music,NOUN,O
menu,NOUN,O
",",PUNCT,O
now,ADV,O
playing,VERB,O
pane,NOUN,O
and,CONJ,O
volume,NOUN,O
controls,NOUN,O
all,DET,O
at,ADP,O
once,ADV,O
.,PUNCT,O
##END,###,O
Intelligently,ADV,O
scales,VERB,O
the,DET,O
screen,NOUN,O
layout,NOUN,O
to,PART,O
take,VERB,O
advantage,NOUN,O
of,ADP,O
larger,ADJ,O
screen,NOUN,O
size,NOUN,O
.,PUNCT,O
##END,###,O
Set,VERB,O
alarms,NOUN,O
or,CONJ,O
sleep,VERB,O
timer,NOUN,O
to,PART,O
wake,VERB,O
up,PART,O
or,CONJ,O
fall,VERB,O
asleep,ADV,O
to,ADP,O
your,ADJ,O
favorite,ADJ,O
music,NOUN,O
or,CONJ,O
station,NOUN,O
.,PUNCT,O
##END,###,O
Send,VERB,O
tweets,NOUN,O
about,ADP,O
what,NOUN,O
you,PRON,O
're,VERB,O
listening,VERB,O
to,ADP,O
on,ADP,O
Sonos,PROPN,U-PDT
.,PUNCT,O
##END,###,O
Access,PROPN,O
advanced,ADJ,O
Sonos,PROPN,U-PDT
system,NOUN,O
settings,NOUN,O
.,PUNCT,O
##END,###,O
Connects,VERB,O
to,PART,O
Sonos,VERB,U-PDT
over,ADP,O
your,ADJ,O
home,NOUN,O
WiFi,PROPN,O
network,NOUN,O
.,PUNCT,O
##END,###,O
Download,VERB,O
it,PRON,O
for,ADP,O
free,ADJ,O
from,ADP,O
Android,PROPN,U-PDT
##END,###,O
Market??.,NOUN,O
Available,ADJ,O
worldwide,ADV,O
.,PUNCT,O
##END,###,O
If,ADP,O
you,PRON,O
're,VERB,O
a,DET,O
non,NOUN,O
-,PUNCT,O
Verizon,PROPN,U-COM
customer,NOUN,O
who,NOUN,O
',VERB,O
been,VERB,O
considering,VERB,O
hopping,VERB,O
on,ADP,O
the,DET,O
big,ADJ,O
red,ADJ,O
network,NOUN,O
",",PUNCT,O
now,ADV,O
is,VERB,O
most,ADV,O
definitely,ADV,O
the,DET,O
time,NOUN,O
.,PUNCT,O
##END,###,O
A,DET,O
deal,NOUN,O
at,ADP,O
Amazon,PROPN,B-PDT
could,VERB,L-PDT
score,VERB,O
you,PRON,O
a,DET,O
$,SYM,B-MON
300,NUM,L-MON
phone,NOUN,O
for,ADP,O
just,ADV,O
a,DET,O
penny,NOUN,O
.,PUNCT,O
##END,###,O
In,ADP,O
fact,NOUN,O
",",PUNCT,O
Amazon,PROPN,B-PDT
Wireless,PROPN,L-PDT
is,VERB,O
selling,VERB,O
all,ADJ,O
its,ADJ,O
Verizon,PROPN,U-COM
devices,NOUN,O
(,PUNCT,O
which,ADJ,O
unfortunately,ADV,O
excludes,VERB,O
the,DET,O
new,ADJ,O
iPhone,PROPN,B-PDT
4S,PROPN,L-PDT
),PUNCT,O
for,ADP,O
just,ADV,O
a,DET,O
penny,NOUN,O
if,ADP,O
you,PRON,O
're,VERB,O
a,DET,O
new,ADJ,O
customer,NOUN,O
signing,VERB,O
a,DET,O
contract,NOUN,O
.,PUNCT,O
##END,###,O
That,DET,O
also,ADV,O
includes,VERB,O
free,ADJ,O
2-day,NOUN,O
shipping,NOUN,O
.,PUNCT,O
##END,###,O
The,DET,O
deal,NOUN,O
does,VERB,O
n't,ADV,O
extend,VERB,O
to,ADP,O
tablets,NOUN,O
",",PUNCT,O
but,CONJ,O
there,ADV,O
',X,O
still,ADV,O
a,DET,O
good,ADJ,O
30,NUM,O
phones,NOUN,O
to,PART,O
choose,VERB,O
from,ADP,O
",",PUNCT,O
ranging,VERB,O
from,ADP,O
the,DET,O
super,ADJ,O
powerful,ADJ,O
$,SYM,B-MON
300,NUM,L-MON
Droid,PROPN,B-PDT
Bionic,PROPN,L-PDT
to,ADP,O
a,DET,O
variety,NOUN,O
of,ADP,O
feature,NOUN,O
phones,NOUN,O
.,PUNCT,O
##END,###,O
The,DET,O
beastlier,NOUN,O
of,ADP,O
the,DET,O
phones,NOUN,O
include,VERB,O
the,DET,O
HTC,PROPN,B-PDT
Droid,PROPN,I-PDT
Incredible,ADJ,I-PDT
2,NUM,L-PDT
",",PUNCT,O
the,DET,O
HTC,PROPN,B-PDT
ThunderBolt,PROPN,L-PDT
",",PUNCT,O
the,DET,O
Samsung,PROPN,B-PDT
Droid,PROPN,I-PDT
Charge,PROPN,L-PDT
",",PUNCT,O
and,CONJ,O
the,DET,O
Motorola,PROPN,B-PDT
Droid,PROPN,I-PDT
3,NUM,L-PDT
.,PUNCT,O
##END,###,O
If,ADP,O
the,DET,O
Penny,PROPN,B-PDT
-,PUNCT,I-PDT
Pincher,PROPN,I-PDT
Sale,NOUN,L-PDT
sounds,VERB,O
like,ADP,O
the,DET,O
deal,NOUN,O
for,ADP,O
you,PRON,O
",",PUNCT,O
head,NOUN,O
on,ADP,O
over,ADP,O
to,ADP,O
Amazon,PROPN,B-PDT
Wireless,PROPN,L-PDT
and,CONJ,O
start,VERB,O
shopping,VERB,O
.,PUNCT,O
##END,###,O
The,DET,O
sale,NOUN,O
is,VERB,O
only,ADV,O
running,VERB,O
through,ADP,O
October,PROPN,B-DAT
17,NUM,L-DAT
.,PUNCT,O
##END,###,O
Back,ADV,B-DAT
in,ADP,I-DAT
October,PROPN,L-DAT
",",PUNCT,O
??,SPACE,O
after,ADP,O
many,ADJ,O
months,NOUN,O
of,ADP,O
speculation,NOUN,O
and,CONJ,O
rumors,NOUN,O
",",PUNCT,O
??,SPACE,O
##END,###,O
Facebook,PROPN,U-COM
launched,VERB,O
its,ADJ,O
long,ADV,O
-,PUNCT,O
anticipated,VERB,O
iPad,ADJ,U-PDT
application,NOUN,O
.,PUNCT,O
##END,###,O
The,DET,O
app,NOUN,O
was,VERB,O
notable,ADJ,O
for,ADP,O
two,NUM,O
reasons,NOUN,O
:,PUNCT,O
first,PUNCT,O
",",PUNCT,O
it,PRON,O
was,VERB,O
the,DET,O
first,ADJ,O
time,NOUN,O
the,DET,O
social,ADJ,O
network,NOUN,O
offered,VERB,O
an,DET,O
official,ADJ,O
app,NOUN,O
for,ADP,O
Apple,PROPN,U-COM
',PROPN,O
tablet,NOUN,O
",",PUNCT,O
and,CONJ,O
second,ADV,O
",",PUNCT,O
because,ADP,O
it,PRON,O
included,VERB,O
an,DET,O
overhauled,VERB,O
UI,PROPN,O
for,ADP,O
Facebook,PROPN,U-COM
',PROPN,O
??,SPACE,O
immensely,ADV,O
??,SPACE,O
popular,ADJ,O
iPhone,PROPN,U-PDT
app,NOUN,O
as,ADV,O
well,ADV,O
.,PUNCT,O
##END,###,O
Improvements,NOUN,O
include,VERB,O
persistent,ADJ,O
messages,NOUN,O
and,CONJ,O
notifications,NOUN,O
on,ADP,O
the,DET,O
top,NOUN,O
of,ADP,O
the,DET,O
screen,NOUN,O
",",PUNCT,O
and,CONJ,O
a,DET,O
nav,NOUN,O
bar,NOUN,O
that,ADJ,O
',X,O
accessible,ADJ,O
from,ADP,O
nearly,ADV,O
anywhere,ADV,O
within,ADP,O
the,DET,O
app,NOUN,O
(,PUNCT,O
you,PRON,O
do,VERB,O
n't,ADV,O
have,VERB,O
to,PART,O
keep,VERB,O
jumping,VERB,O
back,ADV,O
to,ADP,O
the,DET,O
',PUNCT,O
##END,###,O
Home',ADJ,O
screen,NOUN,O
to,PART,O
access,VERB,O
your,ADJ,O
Messages,NOUN,O
",",PUNCT,O
Events,NOUN,O
",",PUNCT,O
and,CONJ,O
so,ADV,O
on,ADV,O
",",PUNCT,O
as,ADP,O
you,PRON,O
used,VERB,O
to,PART,O
),PUNCT,O
.,PUNCT,O
##END,###,O
Now,ADV,O
Facebook,PROPN,U-COM
appears,VERB,O
to,PART,O
have,VERB,O
brought,VERB,O
the,DET,O
same,ADJ,O
improvements,NOUN,O
to,ADP,O
its,ADJ,O
Android,PROPN,U-PDT
application,NOUN,O
",",PUNCT,O
with,ADP,O
an,DET,O
update,NOUN,O
that,ADJ,O
will,VERB,O
soon,ADV,O
be,VERB,O
rolling,VERB,O
out,PART,O
.,PUNCT,O
##END,###,O
The,DET,O
update,NOUN,O
is,VERB,O
n't,ADV,O
showing,VERB,O
up,PART,O
for,ADP,O
me,PRON,O
on,ADP,O
Android,PROPN,B-PDT
Market,NOUN,L-PDT
yet,ADV,O
",",PUNCT,O
so,CONJ,O
I,PRON,O
haven't,VERB,O
been,VERB,O
able,ADJ,O
to,PART,O
try,VERB,O
it,PRON,O
out,PART,O
",",PUNCT,O
but,CONJ,O
based,VERB,O
on,ADP,O
screenshots,NOUN,O
in,ADP,O
Facebook,PROPN,U-COM
',PROPN,O
announcement,NOUN,O
it,PRON,O
strongly,ADV,O
resembles,VERB,O
the,DET,O
iOS,PROPN,U-PDT
applications,NOUN,O
.,PUNCT,O
##END,###,O
When,ADV,O
it,PRON,O
does,VERB,O
go,VERB,O
live,VERB,O
on,ADP,O
Market,PROPN,O
",",PUNCT,O
you,PRON,O
'll,VERB,O
be,VERB,O
able,ADJ,O
to,PART,O
download,VERB,O
it,PRON,O
right,ADV,O
here,ADV,O
.,PUNCT,O
##END,###,O
Facebook,PROPN,U-COM
',PROPN,O
blog,NOUN,O
post,NOUN,O
also,ADV,O
says,VERB,O
that,ADP,O
photos,NOUN,O
are,VERB,O
up,ADP,O
to,PART,O
twice,ADV,O
as,ADV,O
fast,ADJ,O
in,ADP,O
the,DET,O
new,ADJ,O
version,NOUN,O
of,ADP,O
the,DET,O
Android,PROPN,U-PDT
app,NOUN,O
.,PUNCT,O
##END,###,O
One,NUM,O
other,ADJ,O
thing,NOUN,O
to,PART,O
look,VERB,O
for,ADP,O
:,PUNCT,O
yesterday,NOUN,U-DAT
Engadget,PROPN,U-COM
posted,VERB,O
leaked,VERB,O
screenshots,NOUN,O
of,ADP,O
(,PUNCT,O
what,NOUN,O
appears,VERB,O
to,PART,O
be,VERB,O
),PUNCT,O
this,DET,O
update,NOUN,O
.,PUNCT,O
##END,###,O
The,DET,O
Engadget,PROPN,U-COM
photos,NOUN,O
also,ADV,O
show,VERB,O
a,DET,O
standalone,NOUN,O
Facebook,PROPN,U-COM
',PUNCT,O
##END,###,O
Nearby',ADJ,O
app,NOUN,O
",",PUNCT,O
which,ADJ,O
Facebook,PROPN,U-COM
',PROPN,O
blog,NOUN,O
post,NOUN,O
today,NOUN,O
does,VERB,O
not,ADV,O
mention,VERB,O
",",PUNCT,O
??,SPACE,O
##END,###,O
it,PRON,O
',NUM,O
unclear,ADJ,O
if,ADP,O
this,DET,O
is,VERB,O
a,DET,O
different,ADJ,O
app,NOUN,O
that,ADJ,O
hasn't,ADJ,O
been,VERB,O
released,VERB,O
",",PUNCT,O
or,CONJ,O
if,ADP,O
it,PRON,O
will,VERB,O
be,VERB,O
offered,VERB,O
alongside,ADP,O
today,NOUN,U-DAT
',NUM,O
update,NOUN,O
.,PUNCT,O
##END,###,O
White,ADJ,O
phones,NOUN,O
can,VERB,O
be,VERB,O
hit,VERB,O
or,CONJ,O
miss,VERB,O
.,PUNCT,O
##END,###,O
The,DET,O
white,ADJ,O
BlackBerry,PROPN,B-PDT
Pearl,PROPN,L-PDT
",",PUNCT,O
for,ADP,O
example,NOUN,O
",",PUNCT,O
is,VERB,O
an,DET,O
ugly,ADJ,O
phone,NOUN,O
.,PUNCT,O
##END,###,O
Period,NOUN,O
.,PUNCT,O
##END,###,O
But,CONJ,O
some,DET,O
white,ADJ,O
phones,NOUN,O
can,VERB,O
be,VERB,O
sexy,ADJ,O
little,ADJ,O
beasts,NOUN,O
",",PUNCT,O
as,ADP,O
is,VERB,O
the,DET,O
new,ADJ,O
snow,NOUN,O
-,PUNCT,O
white,ADJ,O
Samsung,PROPN,B-PDT
Galaxy,PROPN,I-PDT
S,PROPN,I-PDT
II,PROPN,I-PDT
Skyrocket,PROPN,L-PDT
.,PUNCT,O
##END,###,O
That,DET,O
',ADV,O
right,INTJ,O
",",PUNCT,O
just,ADV,O
a,DET,O
few,ADJ,O
weeks,NOUN,O
after,ADP,O
hitting,VERB,O
AT&T,PROPN,U-COM
shelves,NOUN,O
in,ADP,O
black,NOUN,O
",",PUNCT,O
a,DET,O
white,ADJ,O
version,NOUN,O
of,ADP,O
the,DET,O
phone,NOUN,O
will,VERB,O
be,VERB,O
made,VERB,O
available,ADJ,O
on,ADP,O
December,PROPN,B-DAT
4,NUM,L-DAT
.,PUNCT,O
##END,###,O
If,ADP,O
you,PRON,O
happened,VERB,O
to,PART,O
forget,VERB,O
",",PUNCT,O
the,DET,O
Skyrocket,PROPN,U-PDT
is,VERB,O
one,NUM,O
of,ADP,O
AT&T,PROPN,U-COM
',PROPN,O
very,ADV,O
first,ADV,O
4,NUM,B-PDT
G,PROPN,I-PDT
LTE,PROPN,L-PDT
-,PUNCT,O
capable,ADJ,O
phones,NOUN,O
",",PUNCT,O
though,ADP,O
you,PRON,O
'll,VERB,O
have,VERB,O
to,PART,O
be,VERB,O
in,ADP,O
one,NUM,O
of,ADP,O
the,DET,O
blue,ADJ,O
carrier,NOUN,O
',SYM,O
14,NUM,O
LTE,NOUN,O
markets,NOUN,O
to,PART,O
access,VERB,O
those,DET,O
speeds,NOUN,O
.,PUNCT,O
##END,###,O
The,DET,O
Skyrocket,PROPN,U-PDT
sports,NOUN,O
a,DET,O
4.5-inch,NOUN,O
"480,800",NUM,O
##END,###,O
Super,PROPN,B-PDT
AMOLED,PROPN,I-PDT
Plus,PROPN,L-PDT
display,NOUN,O
",",PUNCT,O
a,DET,O
1.5GHz,NUM,O
dual,ADJ,O
-,PUNCT,O
core,NOUN,O
processor,NOUN,O
",",PUNCT,O
and,CONJ,O
Android,PROPN,B-PDT
2.3,NUM,I-PDT
Gingerbread,PROPN,L-PDT
.,PUNCT,O
##END,###,O
You,PRON,O
'll,VERB,O
find,VERB,O
an,DET,O
8-megapixel,ADJ,O
camera,NOUN,O
on,ADP,O
the,DET,O
back,NOUN,O
capable,ADJ,O
of,ADP,O
video,NOUN,O
capture,NOUN,O
in,ADP,O
1080p,NUM,O
",",PUNCT,O
along,ADP,O
with,ADP,O
a,DET,O
1.3-megapixel,NUM,O
front,NOUN,O
-,PUNCT,O
facing,VERB,O
shooter,NOUN,O
for,ADP,O
video,NOUN,O
chat,NOUN,O
.,PUNCT,O
##END,###,O
The,DET,O
phone,NOUN,O
will,VERB,O
cost,VERB,O
$,SYM,B-MON
249.99,NUM,L-MON
on,ADP,O
-,PUNCT,O
contract,NOUN,O
.,PUNCT,O
##END,###,O
We,PRON,O
got,VERB,O
a,DET,O
pitch,NOUN,O
in,ADP,O
our,ADJ,O
inbox,NOUN,O
from,ADP,O
a,DET,O
company,NOUN,O
called,VERB,O
Dujour,PROPN,B-COM
Technology,PROPN,L-COM
;,PUNCT,O
they,PRON,O
've,VERB,O
developed,VERB,O
an,DET,O
Android,PROPN,U-COM
app,NOUN,O
dubbed,VERB,O
',PUNCT,O
##END,###,O
Currently,PROPN,O
Tech,PROPN,O
News',PROPN,O
(,PUNCT,O
direct,ADJ,O
Android,PROPN,B-COM
Market,NOUN,L-COM
link,NOUN,O
),PUNCT,O
that,DET,O
mines,NOUN,O
Twitter,PROPN,U-PDT
to,PART,O
aggregate,VERB,O
breaking,VERB,O
technology,NOUN,O
news,NOUN,O
from,ADP,O
a,DET,O
select,ADJ,O
number,NOUN,O
of,ADP,O
sources,NOUN,O
.,PUNCT,O
##END,###,O
The,DET,O
makers,NOUN,O
of,ADP,O
the,DET,O
app,NOUN,O
acknowledge,VERB,O
that,ADP,O
the,DET,O
app,NOUN,O
looks,VERB,O
pretty,ADV,O
basic,ADJ,O
",",PUNCT,O
but,CONJ,O
point,VERB,O
out,PART,O
that,ADP,O
there,ADV,O
',VERB,O
a,DET,O
sophisticated,ADJ,O
backend,NOUN,O
taking,VERB,O
care,NOUN,O
of,ADP,O
the,DET,O
data,NOUN,O
collection,NOUN,O
and,CONJ,O
analysis,NOUN,O
behind,ADP,O
the,DET,O
scenes,NOUN,O
.,PUNCT,O
##END,###,O
From,ADP,O
the,DET,O
email,NOUN,O
:,PUNCT,O
The,DET,O
Currently,PROPN,O
server,NOUN,O
is,VERB,O
constantly,ADV,O
tracking,VERB,O
Tweets,PROPN,O
mentioning,VERB,O
certain,ADJ,O
tech,NOUN,O
news,NOUN,O
websites,NOUN,O
(,PUNCT,O
of,ADP,O
which,ADJ,O
TechCrunch,PROPN,U-COM
is,VERB,O
one,NUM,O
of,ADP,O
only,ADV,O
a,DET,O
few,ADJ,O
),PUNCT,O
.,PUNCT,O
##END,###,O
The,DET,O
Currently,PROPN,O
Tech,PROPN,O
News,PROPN,O
app,VERB,O
then,ADV,O
receives,VERB,O
updates,NOUN,O
every,DET,O
15,NUM,O
minutes,NOUN,O
and,CONJ,O
generates,VERB,O
a,DET,O
pop,NOUN,O
-,PUNCT,O
chart,NOUN,O
type,NOUN,O
list,NOUN,O
of,ADP,O
news,NOUN,O
headlines,NOUN,O
.,PUNCT,O
##END,###,O
It,PRON,O
',VERB,O
like,ADP,O
a,DET,O
Techmeme,NOUN,U-PDT
you,PRON,O
can,VERB,O
carry,VERB,O
around,PART,O
in,ADP,O
your,ADJ,O
pocket,NOUN,O
!,PUNCT,O
##END,###,O
Except,ADP,O
",",PUNCT,O
of,ADP,O
course,NOUN,O
",",PUNCT,O
you,PRON,O
can,VERB,O
carry,VERB,O
around,PART,O
Techmeme,PROPN,U-PDT
in,ADP,O
your,ADJ,O
pocket,NOUN,O
too,ADV,O
(,PUNCT,O
they,PRON,O
have,VERB,O
a,DET,O
decent,ADJ,O
mobile,ADJ,O
website,NOUN,O
),PUNCT,O
.,PUNCT,O
##END,###,O
The,DET,O
benefit,NOUN,O
of,ADP,O
the,DET,O
Currently,PROPN,O
app,NOUN,O
is,VERB,O
that,ADP,O
important,ADJ,O
headlines,NOUN,O
that,ADJ,O
are,VERB,O
rising,VERB,O
in,ADP,O
the,DET,O
charts,NOUN,O
are,VERB,O
delivered,VERB,O
through,ADP,O
notifications,NOUN,O
.,PUNCT,O
##END,###,O
You,PRON,O
can,VERB,O
turn,VERB,O
off,PART,O
the,DET,O
alerts,NOUN,O
during,ADP,O
your,ADJ,O
preferred,ADJ,O
',PUNCT,O
##END,###,O
quiet,ADJ,O
time',PART,O
if,ADP,O
you,PRON,O
want,VERB,O
",",PUNCT,O
otherwise,ADV,O
it,PRON,O
'll,VERB,O
work,VERB,O
.,PUNCT,O
##END,###,O
We,PRON,O
heard,VERB,O
about,ADP,O
Currently,ADV,O
from,ADP,O
the,DET,O
founder,NOUN,O
of,ADP,O
Scouta,PROPN,U-COM
",",PUNCT,O
a,DET,O
now,ADV,O
defunct,ADJ,O
recommendation,NOUN,O
technology,NOUN,O
startup,NOUN,O
we,PRON,O
've,VERB,O
covered,VERB,O
a,DET,O
lot,NOUN,O
in,ADP,O
the,DET,O
past,NOUN,O
.,PUNCT,O
##END,###,O
Check,VERB,O
it,PRON,O
out,PART,O
if,ADP,O
you,PRON,O
're,VERB,O
a,DET,O
fellow,NOUN,O
tech,NOUN,O
news,NOUN,O
junkie,NOUN,O
.,PUNCT,O
##END,###,O
Here,ADV,O
',VERB,O
a,DET,O
screenshot,NOUN,O
(,PUNCT,O
confusingly,ADV,O
taken,VERB,O
on,ADP,O
an,DET,O
iPhone,PROPN,U-PDT
",",PUNCT,O
it,PRON,O
would,VERB,O
seem,VERB,O
),PUNCT,O
:,PUNCT,O
##END,###,O
It,PRON,O
',VERB,O
only,ADV,O
been,VERB,O
a,DET,O
couple,NOUN,O
weeks,NOUN,O
since,ADP,O
Nokia,PROPN,U-COM
debuted,VERB,O
their,ADJ,O
first,ADJ,O
Windows,PROPN,B-PDT
Phones,PROPN,L-PDT
",",PUNCT,O
but,CONJ,O
today,NOUN,O
we,PRON,O
're,VERB,O
getting,VERB,O
something,NOUN,O
a,DET,O
little,ADJ,O
less,ADV,O
official,ADJ,O
.,PUNCT,O
##END,###,O
The,DET,O
Nokia,PROPN,B-PDT
Lumia,PROPN,I-PDT
900,NUM,L-PDT
has,VERB,O
found,VERB,O
its,ADJ,O
way,NOUN,O
to,ADP,O
YouTube,PROPN,U-PDT
thanks,NOUN,O
to,ADP,O
none,NOUN,O
other,ADJ,O
than,ADP,O
Nokia,PROPN,U-COM
themselves,PRON,O
.,PUNCT,O
##END,###,O
Apparently,ADV,O
the,DET,O
Finnish,ADJ,O
phone,NOUN,O
maker,NOUN,O
posted,VERB,O
a,DET,O
video,NOUN,O
to,ADP,O
court,NOUN,O
developers,NOUN,O
",",PUNCT,O
promising,VERB,O
them,PRON,O
the,DET,O
combination,NOUN,O
of,ADP,O
",",PUNCT,O
Nokia,PROPN,U-COM
',VERB,O
stunning,ADJ,O
hardware,NOUN,O
",",NOUN,O
and,CONJ,O
",",PUNCT,O
a,DET,O
dynamic,ADJ,O
Microsoft,PROPN,B-PDT
OS,NOUN,L-PDT
.,PUNCT,O
##END,###,O
",",PUNCT,O
The,DET,O
video,NOUN,O
has,VERB,O
since,ADV,O
been,VERB,O
pulled,VERB,O
(,PUNCT,O
as,ADP,O
expected,VERB,O
),PUNCT,O
",",PUNCT,O
but,CONJ,O
the,DET,O
folks,NOUN,O
over,ADP,O
at,ADP,O
All,ADV,B-PDT
About,ADV,I-PDT
Phones,PROPN,L-PDT
were,VERB,O
clever,ADJ,O
enough,ADV,O
to,PART,O
download,VERB,O
and,CONJ,O
re,ADP,O
-,PUNCT,O
upload,NOUN,O
the,DET,O
video,NOUN,O
to,PART,O
YouTube,PROPN,O
for,ADP,O
all,DET,O
to,PART,O
enjoy,VERB,O
.,PUNCT,O
##END,###,O
We,PRON,O
're,VERB,O
just,ADV,O
a,DET,O
tad,NOUN,O
short,ADJ,O
on,ADP,O
specs,NOUN,O
",",PUNCT,O
but,CONJ,O
we,PRON,O
do,VERB,O
know,VERB,O
this,DET,O
will,VERB,O
be,VERB,O
a,DET,O
4.3-inch,NUM,O
monster,NOUN,O
",",PUNCT,O
about,ADP,O
the,DET,O
same,ADJ,O
size,NOUN,O
as,ADP,O
Samsung,PROPN,U-COM
',PROPN,O
Windows,PROPN,U-PDT
-,PUNCT,O
powered,VERB,O
Focus,PROPN,B-PDT
S.,PROPN,L-PDT
##END,###,O
On,ADP,O
the,DET,O
design,NOUN,O
front,NOUN,O
",",PUNCT,O
however,ADV,O
",",PUNCT,O
it,PRON,O
seems,VERB,O
Nokia,PROPN,U-COM
is,VERB,O
pulling,VERB,O
more,ADJ,O
from,ADP,O
their,ADJ,O
own,ADJ,O
Lumia,PROPN,U-PDT
design,NOUN,O
dress,NOUN,O
with,ADP,O
a,DET,O
hint,NOUN,O
of,ADP,O
Xperia,PROPN,B-PDT
Play,PROPN,L-PDT
mixed,VERB,O
in,ADP,O
there,ADV,O
.,PUNCT,O
##END,###,O
When,ADV,O
we,PRON,O
'll,VERB,O
actually,ADV,O
see,VERB,O
the,DET,O
phone,NOUN,O
in,ADP,O
any,DET,O
official,ADJ,O
sense,NOUN,O
is,VERB,O
still,ADV,O
a,DET,O
bit,NOUN,O
of,ADP,O
a,DET,O
mystery,NOUN,O
.,PUNCT,O
##END,###,O
There,ADV,O
are,VERB,O
two,NUM,O
probable,ADJ,O
options,NOUN,O
:,PUNCT,O
##END,###,O
The,DET,B-PDT
Lumia,PROPN,I-PDT
900,NUM,L-PDT
(,PUNCT,O
codenamed,VERB,O
Ace,PROPN,O
),PUNCT,O
will,VERB,O
either,CONJ,O
show,VERB,O
its,ADJ,O
face,NOUN,O
at,ADP,O
CES,PROPN,U-EVT
in,ADP,O
early,ADJ,O
January,PROPN,U-DAT
",",PUNCT,O
or,CONJ,O
at,ADP,O
Mobile,PROPN,B-EVT
World,PROPN,I-EVT
Congress,PROPN,L-EVT
in,ADP,O
February,PROPN,U-DAT
.,PUNCT,O
##END,###,O
We,PRON,O
'll,VERB,O
be,VERB,O
at,ADP,O
both,ADJ,O
events,NOUN,O
with,ADP,O
our,ADJ,O
eyes,NOUN,O
peeled,VERB,O
so,ADV,O
stay,VERB,O
tuned,VERB,O
if,ADP,O
this,DET,O
has,VERB,O
piqued,VERB,O
your,ADJ,O
interest,NOUN,O
.,PUNCT,O
##END,###,O
Interviewed,VERB,O
on,ADP,O
stage,NOUN,O
at,ADP,O
Le,PROPN,B-EVT
Web,NOUN,L-EVT
by,ADP,O
our,ADJ,O
very,ADV,O
own,ADJ,O
Alexia,PROPN,B-PPL
Tsotsis,PROPN,L-PPL
",",PUNCT,O
Kevin,PROPN,B-PPL
Systrom,PROPN,L-PPL
",",PUNCT,O
CEO,PROPN,O
Instagram,PROPN,U-COM
",",PUNCT,O
said,VERB,O
the,DET,O
photo,NOUN,O
app,NOUN,O
is,VERB,O
hitting,VERB,O
a,DET,O
new,ADJ,O
watermark,NOUN,O
in,ADP,O
adoption,NOUN,O
",",PUNCT,O
##END,###,O
every,DET,O
day,NOUN,O
",",PUNCT,O
.,PUNCT,O
##END,###,O
Now,ADV,O
on,ADP,O
14,NUM,O
million,NUM,O
users,NOUN,O
",",PUNCT,O
the,DET,O
app,NOUN,O
is,VERB,O
now,ADV,O
generating,VERB,O
",",SYM,O
60,NUM,O
photos,NOUN,O
per,ADP,O
second,ADJ,O
",",NOUN,O
and,CONJ,O
",",PUNCT,O
We,PRON,O
're,VERB,O
only,ADV,O
at,ADP,O
the,DET,O
tip,NOUN,O
of,ADP,O
where,ADV,O
we,PRON,O
want,VERB,O
to,PART,O
be,VERB,O
",",PUNCT,O
",",PUNCT,O
said,VERB,O
Systrom,PROPN,U-PPL
.,PUNCT,O
##END,###,O
As,ADP,O
a,DET,O
former,ADJ,O
member,NOUN,O
of,ADP,O
the,DET,O
Odeo,PROPN,U-COM
podcasting,NOUN,O
team,NOUN,O
which,ADJ,O
went,VERB,O
on,ADP,O
to,ADP,O
",",PUNCT,O
pivot,NOUN,O
",",PUNCT,O
into,ADP,O
a,DET,O
little,ADJ,O
thing,NOUN,O
called,VERB,O
Twitter,PROPN,U-PDT
",",PUNCT,O
Systrom,PROPN,U-PPL
also,ADV,O
counselled,VERB,O
the,DET,O
audience,NOUN,O
into,ADP,O
thinking,VERB,O
not,ADV,O
about,ADV,O
great,ADJ,O
products,NOUN,O
",",PUNCT,O
but,CONJ,O
",",PUNCT,O
great,ADJ,O
teams,NOUN,O
",",PUNCT,O
.,PUNCT,O
##END,###,O
",",PUNCT,O
In,ADP,B-DAT
the,DET,I-DAT
last,ADJ,I-DAT
2,NUM,I-DAT
months,NOUN,L-DAT
we,PRON,O
've,VERB,O
doubled,VERB,O
staff,NOUN,O
",",PUNCT,O
and,CONJ,O
will,VERB,O
be,VERB,O
about,ADP,O
10,NUM,O
people,NOUN,O
in,ADP,O
a,DET,O
month,NOUN,O
.,PUNCT,O
##END,###,O
Even,ADV,O
though,ADP,O
Odeo,NOUN,U-PDT
did,VERB,O
n't,ADV,O
go,VERB,O
anywhere,ADV,O
",",PUNCT,O
it,PRON,O
was,VERB,O
clear,ADJ,O
that,ADP,O
Twitter,PROPN,U-PDT
cam,NOUN,O
about,ADV,O
because,ADP,O
we,PRON,O
learned,VERB,O
',PUNCT,O
##END,###,O
Team',NOUN,O
was,VERB,O
so,ADV,O
important,ADJ,O
.,PUNCT,O
##END,###,O
",",PUNCT,O
##END,###,O
He,PRON,O
also,ADV,O
recalled,VERB,O
how,ADV,O
another,DET,O
failed,VERB,O
project,NOUN,O
Bourbon,PROPN,U-PDT
failed,VERB,O
not,ADV,O
because,ADP,O
they,PRON,O
had,VERB,O
a,DET,O
moment,NOUN,O
of,ADP,O
revelation,NOUN,O
that,ADP,O
it,PRON,O
was,VERB,O
n't,ADV,O
going,VERB,O
to,PART,O
work,VERB,O
",",PUNCT,O
but,CONJ,O
that,ADP,O
they,PRON,O
did,VERB,O
n't,ADV,O
have,VERB,O
that,DET,O
moment,NOUN,O
.,PUNCT,O
##END,###,O
",",PUNCT,O
##END,###,O
There,ADV,O
was,VERB,O
n't,ADV,O
a,DET,O
dark,ADJ,O
moment,NOUN,O
with,ADP,O
Bourbon,PROPN,U-PDT
.,PUNCT,O
##END,###,O
It,PRON,O
',VERB,O
the,DET,O
lack,NOUN,O
of,ADP,O
that,DET,O
dark,ADJ,O
moment,NOUN,O
that,ADJ,O
kills,VERB,O
most,ADJ,O
startups,NOUN,O
.,PUNCT,O
##END,###,O
",",PUNCT,O
Tsotsis,PROPN,U-PPL
pointed,VERB,O
out,PART,O
that,ADP,O
photo,NOUN,O
apps,NOUN,O
and,CONJ,O
filters,NOUN,O
existed,VERB,O
before,ADP,O
Instagram,PROPN,U-PDT
",",PUNCT,O
so,CONJ,O
how,ADV,O
did,VERB,O
they,PRON,O
get,VERB,O
big,ADJ,O
?,PUNCT,O
##END,###,O
Instagram,PROPN,U-PDT
just,ADV,O
 ,SPACE,O
made,VERB,O
it,PRON,O
easier,ADJ,O
to,PART,O
produce,VERB,O
beautiful,ADJ,O
photos,NOUN,O
",",PUNCT,O
as,ADV,O
well,ADV,O
as,ADP,O
share,NOUN,O
",",PUNCT,O
said,VERB,O
Systrom,PROPN,U-PPL
.,PUNCT,O
##END,###,O
But,CONJ,O
what,NOUN,O
if,ADP,O
Apple,PROPN,U-COM
of,ADP,O
Facebook,PROPN,U-COM
did,VERB,O
an,DET,O
app,NOUN,O
with,ADP,O
filters,NOUN,O
?,PUNCT,O
##END,###,O
Instagram,PROPN,U-PDT
is,VERB,O
not,ADV,O
about,ADP,O
filters,NOUN,O
",",PUNCT,O
said,VERB,O
Systrom,PROPN,U-PPL
.,PUNCT,O
##END,###,O
",",PUNCT,O
##END,###,O
The,DET,O
defensible,ADJ,O
asset,NOUN,O
is,VERB,O
the,DET,O
community,NOUN,O
",",PUNCT,O
nowhere,ADV,O
else,ADV,O
would,VERB,O
you,PRON,O
find,VERB,O
such,ADJ,O
passionate,ADJ,O
users,NOUN,O
.,PUNCT,O
",",PUNCT,O
##END,###,O
In,ADP,O
addition,NOUN,O
",",PUNCT,O
they,PRON,O
have,VERB,O
Android,PROPN,U-PDT
and,CONJ,O
a,DET,O
web,NOUN,O
site,NOUN,O
to,PART,O
launch,VERB,O
",",PUNCT,O
##END,###,O
so,ADP,O
lots,NOUN,O
of,ADP,O
growth,NOUN,O
left,VERB,O
",",PUNCT,O
he,PRON,O
pointed,VERB,O
out,PART,O
.,PUNCT,O
##END,###,O
",",PUNCT,O
##END,###,O
It,PRON,O
gives,VERB,O
us,PRON,O
the,DET,O
potential,ADJ,O
to,PART,O
grow,VERB,O
into,ADP,O
a,DET,O
very,ADV,O
meaningful,ADJ,O
company,NOUN,O
.,PUNCT,O
##END,###,O
",",PUNCT,O
##END,###,O
Will,VERB,O
they,PRON,O
put,VERB,O
ads,NOUN,O
into,ADP,O
the,DET,O
stream,NOUN,O
?,PUNCT,O
",",PUNCT,O
##END,###,O
The,DET,O
focus,NOUN,O
right,ADV,O
now,ADV,O
is,VERB,O
growing,VERB,O
the,DET,O
network,NOUN,O
.,PUNCT,O
##END,###,O
History,NOUN,O
shows,VERB,O
you,PRON,O
need,VERB,O
to,PART,O
build,VERB,O
out,PART,O
the,DET,O
network,NOUN,O
or,CONJ,O
no,DET,O
advertisers,NOUN,O
will,VERB,O
care,VERB,O
.,PUNCT,O
##END,###,O
Burberry,NOUN,U-COM
",",PUNCT,O
Audi,PROPN,U-COM
",",PUNCT,O
these,DET,O
brands,NOUN,O
are,VERB,O
sharing,VERB,O
pictures,NOUN,O
of,ADP,O
their,ADJ,O
products,NOUN,O
",",PUNCT,O
and,CONJ,O
that,DET,O
shows,VERB,O
what,NOUN,O
will,VERB,O
come,VERB,O
with,ADP,O
brands,NOUN,O
and,CONJ,O
the,DET,O
advertising,NOUN,O
experience,NOUN,O
in,ADP,O
Instagram,PROPN,U-PDT
will,VERB,O
be,VERB,O
extremely,ADV,O
engaging,ADJ,O
",",PUNCT,O
",",PUNCT,O
he,PRON,O
said,VERB,O
.,PUNCT,O
##END,###,O
Photo,NOUN,O
by,ADP,O
Paula,PROPN,B-PPL
Marttila,PROPN,L-PPL
##END,###,O
In,ADP,O
the,DET,O
roughly,ADV,O
90,NUM,O
days,NOUN,O
that,ADJ,O
Google+,PROPN,U-PDT
has,VERB,O
been,VERB,O
available,ADJ,O
",",PUNCT,O
Google,PROPN,U-COM
says,VERB,O
that,ADP,O
they,PRON,O
've,VERB,O
made,VERB,O
91,NUM,O
different,ADJ,O
improvements,NOUN,O
to,ADP,O
the,DET,O
service,NOUN,O
.,PUNCT,O
##END,###,O
Today,NOUN,U-DAT
brings,VERB,O
nine,NUM,O
more,ADJ,O
",",PUNCT,O
a,DET,O
few,ADJ,O
of,ADP,O
which,ADJ,O
are,VERB,O
big,ADJ,O
.,PUNCT,O
##END,###,O
First,ADV,O
and,CONJ,O
foremost,ADV,O
",",PUNCT,O
Google+,PROPN,U-PDT
finally,ADV,O
has,VERB,O
search,NOUN,O
.,PUNCT,O
##END,###,O
Yes,INTJ,O
",",PUNCT,O
I,PRON,O
know,VERB,O
it,PRON,O
',ADV,O
hard,ADV,O
to,PART,O
believe,VERB,O
that,ADP,O
a,DET,O
service,NOUN,O
built,VERB,O
by,ADP,O
Google,PROPN,U-COM
launched,VERB,O
without,ADP,O
it,PRON,O
",",PUNCT,O
but,CONJ,O
it,PRON,O
did,VERB,O
.,PUNCT,O
##END,###,O
Now,ADV,O
Google+,PROPN,U-PDT
allows,VERB,O
you,PRON,O
to,PART,O
search,VERB,O
for,ADP,O
people,NOUN,O
and,CONJ,O
posts,NOUN,O
simply,ADV,O
by,ADP,O
using,VERB,O
the,DET,O
search,NOUN,O
box,NOUN,O
at,ADP,O
the,DET,O
top,NOUN,O
.,PUNCT,O
##END,###,O
Of,ADP,O
note,ADV,O
",",PUNCT,O
you,PRON,O
can,VERB,O
filter,VERB,O
results,NOUN,O
by,ADP,O
either,DET,O
",",PUNCT,O
##END,###,O
Best,ADJ,O
of,ADP,O
",",NOUN,O
or,CONJ,O
",",PUNCT,O
##END,###,O
Most,ADJ,O
recent,ADJ,O
",",PUNCT,O
.,PUNCT,O
##END,###,O
This,DET,O
also,ADV,O
allows,VERB,O
you,PRON,O
to,PART,O
search,VERB,O
the,DET,O
Sparks,PROPN,O
feature,NOUN,O
",",PUNCT,O
which,ADJ,O
is,VERB,O
still,ADV,O
underdeveloped,ADJ,O
.,PUNCT,O
##END,###,O
The,DET,O
other,ADJ,O
big,ADJ,O
news,NOUN,O
:,PUNCT,O
Google+,PROPN,U-PDT
is,VERB,O
moving,VERB,O
from,ADP,O
",",PUNCT,O
field,NOUN,O
trial,NOUN,O
##END,###,O
",",SYM,O
"to,beta",X,O
",",PUNCT,O
.,PUNCT,O
##END,###,O
Along,ADP,O
with,ADP,O
this,DET,O
upgrade,NOUN,O
",",PUNCT,O
Google,PROPN,U-COM
is,VERB,O
opening,VERB,O
signups,NOUN,O
for,ADP,O
anyone,NOUN,O
.,PUNCT,O
##END,###,O
Finally,ADV,O
",",PUNCT,O
Google,PROPN,U-COM
has,VERB,O
rolled,VERB,O
out,PART,O
a,DET,O
ton,NOUN,O
of,ADP,O
new,ADJ,O
features,NOUN,O
for,ADP,O
Hangouts,NOUN,U-PDT
",",PUNCT,O
the,DET,O
live,ADJ,O
multi,NOUN,O
-,PUNCT,O
user,NOUN,O
video,NOUN,O
chat,NOUN,O
service,NOUN,O
that,ADJ,O
has,VERB,O
been,VERB,O
an,DET,O
early,ADJ,O
hit,NOUN,O
on,ADP,O
Google+,PROPN,U-PDT
.,PUNCT,O
##END,###,O
Of,ADP,O
the,DET,O
changes,NOUN,O
",",PUNCT,O
the,DET,O
biggest,ADJ,O
is,VERB,O
the,DET,O
ability,NOUN,O
to,PART,O
do,VERB,O
a,DET,O
Hangout,NOUN,U-PDT
from,ADP,O
a,DET,O
mobile,ADJ,O
device,NOUN,O
.,PUNCT,O
##END,###,O
Google,PROPN,U-COM
has,VERB,O
updated,VERB,O
the,DET,O
Google+,PROPN,U-PDT
Android,PROPN,O
app,NOUN,O
with,ADP,O
this,DET,O
functionality,NOUN,O
",",PUNCT,O
and,CONJ,O
says,VERB,O
an,DET,O
update,NOUN,O
to,ADP,O
the,DET,O
iOS,PROPN,U-PDT
app,NOUN,O
will,VERB,O
be,VERB,O
coming,VERB,O
soon,ADV,O
.,PUNCT,O
##END,###,O
Another,DET,O
new,ADJ,O
feature,NOUN,O
is,VERB,O
the,DET,O
ability,NOUN,O
to,PART,O
go,VERB,O
",",PUNCT,O
on,ADP,O
air,NOUN,O
",",PUNCT,O
",",PUNCT,O
essentially,ADV,O
a,DET,O
fully,ADV,O
public,ADJ,O
broadcast,NOUN,O
.,PUNCT,O
##END,###,O
When,ADV,O
you,PRON,O
do,VERB,O
this,DET,O
",",PUNCT,O
up,ADV,O
to,ADP,O
nine,NUM,O
other,ADJ,O
people,NOUN,O
can,VERB,O
still,ADV,O
join,VERB,O
your,ADJ,O
broadcast,NOUN,O
",",PUNCT,O
and,CONJ,O
anyone,NOUN,O
can,VERB,O
watch,VERB,O
.,PUNCT,O
##END,###,O
Google,PROPN,U-COM
notes,VERB,O
that,ADP,O
the,DET,O
feature,NOUN,O
will,VERB,O
be,VERB,O
limited,VERB,O
to,ADP,O
certain,ADJ,O
broadcasters,NOUN,O
(,PUNCT,O
read,VERB,O
:,PUNCT,O
big,ADJ,O
ones,NOUN,O
),PUNCT,O
.,PUNCT,O
##END,###,O
They,PRON,O
're,VERB,O
kicking,VERB,O
it,PRON,O
off,PART,O
tomorrow,NOUN,O
night,NOUN,O
with,ADP,O
an,DET,O
On,PROPN,O
Air,NOUN,O
Hangout,PROPN,U-PDT
with,ADP,O
will.i.am,X,U-PPL
.,PUNCT,O
##END,###,O
Google,PROPN,U-COM
has,VERB,O
also,ADV,O
started,VERB,O
adding,VERB,O
",",PUNCT,O
extras,NOUN,O
",",PUNCT,O
to,ADP,O
Hangouts,PROPN,U-PDT
.,PUNCT,O
##END,###,O
The,DET,O
first,ADJ,O
ones,NOUN,O
:,PUNCT,O
Google,PROPN,U-COM
notes,VERB,O
that,ADP,O
these,DET,O
extras,NOUN,O
are,VERB,O
still,ADV,O
under,ADP,O
construction,NOUN,O
(,PUNCT,O
read,VERB,O
:,PUNCT,O
beta,NOUN,O
beta,NOUN,O
),PUNCT,O
.,PUNCT,O
##END,###,O
Finally,ADV,O
",",PUNCT,O
Google,PROPN,U-COM
is,VERB,O
also,ADV,O
releasing,VERB,O
an,DET,O
API,NOUN,O
for,ADP,O
Hangouts,NOUN,U-PDT
.,PUNCT,O
##END,###,O
This,DET,O
follows,VERB,O
the,DET,O
broader,ADJ,O
(,PUNCT,O
but,CONJ,O
limited,ADJ,O
),PUNCT,O
Google+,PROPN,U-PDT
API,PROPN,O
roll,VERB,O
out,PART,O
last,ADJ,B-DAT
week,NOUN,L-DAT
.,PUNCT,O
##END,###,O
I,PRON,O
'm,VERB,O
sure,ADJ,O
all,DET,O
of,ADP,O
these,DET,O
changes,NOUN,O
rolling,VERB,O
out,PART,O
two,NUM,O
days,NOUN,O
before,ADP,O
Facebook,PROPN,U-COM
',ADV,O
big,ADJ,B-EVT
f8,ADJ,I-EVT
conference,NOUN,L-EVT
are,VERB,O
coincidental,ADJ,O
.,PUNCT,O
##END,###,O
War,NOUN,O
.,PUNCT,O
##END,###,O
It,PRON,O
looks,VERB,O
like,ADP,O
Best,PROPN,B-COM
Buy,PROPN,L-COM
managed,VERB,O
to,PART,O
let,VERB,O
a,DET,O
few,ADJ,O
of,ADP,O
those,DET,O
32,NUM,O
GB,NOUN,O
TouchPads,PROPN,U-PDT
slip,VERB,O
through,ADP,O
their,ADJ,O
fingers,NOUN,O
",",PUNCT,O
as,ADP,O
TigerDirect,PROPN,U-COM
has,VERB,O
concocted,VERB,O
a,DET,O
$,SYM,B-MON
279,NUM,L-MON
bundle,NOUN,O
around,ADP,O
HP,PROPN,U-COM
',PROPN,O
stillborn,ADJ,O
tablet,NOUN,O
.,PUNCT,O
##END,###,O
Yep,INTJ,O
",",PUNCT,O
people,NOUN,O
looking,VERB,O
to,PART,O
score,VERB,O
a,DET,O
TouchPad,PROPN,U-PDT
on,ADP,O
the,DET,O
cheap,ADJ,O
may,VERB,O
need,VERB,O
to,PART,O
look,VERB,O
elsewhere,ADV,O
(,PUNCT,O
good,ADJ,O
luck,NOUN,O
",",PUNCT,O
by,ADP,O
the,DET,O
way,NOUN,O
),PUNCT,O
.,PUNCT,O
##END,###,O
There,ADV,O
always,ADV,O
seems,VERB,O
to,PART,O
be,VERB,O
a,DET,O
catch,NOUN,O
when,ADV,O
it,PRON,O
comes,VERB,O
to,ADP,O
TouchPad,PROPN,U-PDT
deals,NOUN,O
",",PUNCT,O
and,CONJ,O
TigerDirect,PROPN,U-COM
is,VERB,O
more,ADV,O
than,ADP,O
happy,ADJ,O
to,PART,O
oblige,VERB,O
.,PUNCT,O
##END,###,O
For,ADP,O
$,SYM,B-MON
279,NUM,L-MON
",",PUNCT,O
you,PRON,O
get,VERB,O
not,ADV,O
only,ADV,O
a,DET,O
32,NUM,O
GB,PROPN,O
TouchPad,PROPN,U-PDT
",",PUNCT,O
but,CONJ,O
a,DET,O
Belkin,PROPN,U-COM
tablet,NOUN,O
case,NOUN,O
",",PUNCT,O
a,DET,O
Belkin,PROPN,B-PDT
FlipBlade,PROPN,L-PDT
tablet,NOUN,O
stand,NOUN,O
",",PUNCT,O
and,CONJ,O
a,DET,O
pair,NOUN,O
of,ADP,O
Creative,ADJ,B-COM
Lab,NOUN,L-COM
D80,PROPN,B-PDT
Bluetooth,PROPN,L-PDT
speakers,NOUN,O
.,PUNCT,O
##END,###,O
Oh,INTJ,O
",",PUNCT,O
and,CONJ,O
who,NOUN,O
could,VERB,O
forget,VERB,O
the,DET,O
16,NUM,O
GB,PROPN,O
HP,PROPN,U-COM
flash,NOUN,O
drive,NOUN,O
TigerDirect,PROPN,U-COM
is,VERB,O
throwing,VERB,O
in,PART,O
just,ADV,O
to,PART,O
sweeten,VERB,O
the,DET,O
deal,NOUN,O
?,PUNCT,O
##END,###,O
Whether,ADP,O
or,CONJ,O
not,ADV,O
all,DET,O
that,DET,O
extra,ADJ,O
swag,NOUN,O
is,VERB,O
worth,ADJ,O
an,DET,O
extra,ADJ,O
$,SYM,B-MON
130,NUM,L-MON
is,VERB,O
entirely,ADV,O
up,ADP,O
to,ADP,O
you,PRON,O
",",PUNCT,O
but,CONJ,O
the,DET,O
bundle,NOUN,O
seems,VERB,O
much,ADV,O
easier,ADJ,O
to,ADP,O
stomach,NOUN,O
than,ADP,O
Best,PROPN,B-COM
Buy,PROPN,L-COM
',PROPN,O
PC,NOUN,O
purchasing,NOUN,O
ploy,NOUN,O
.,PUNCT,O
##END,###,O
Personally,ADV,O
",",PUNCT,O
it,PRON,O
does,VERB,O
n't,ADV,O
seem,VERB,O
like,ADP,O
such,ADJ,O
a,DET,O
bad,ADJ,O
deal,NOUN,O
",",PUNCT,O
just,ADV,O
write,VERB,O
up,PART,O
a,DET,O
list,NOUN,O
of,ADP,O
people,NOUN,O
you,PRON,O
begrudgingly,ADV,O
have,VERB,O
to,PART,O
buy,VERB,O
holiday,NOUN,O
gifts,NOUN,O
for,ADP,O
",",PUNCT,O
and,CONJ,O
divvy,VERB,O
up,PART,O
the,DET,O
accessories,NOUN,O
accordingly,ADV,O
.,PUNCT,O
##END,###,O
Or,CONJ,O
hell,NOUN,O
",",PUNCT,O
jump,VERB,O
on,ADP,O
Craigslist,PROPN,U-PDT
after,ADP,O
the,DET,O
fact,NOUN,O
and,CONJ,O
flip,VERB,O
those,DET,O
goodies,NOUN,O
for,ADP,O
a,DET,O
profit,NOUN,O
.,PUNCT,O
##END,###,O
TigerDirect,PROPN,U-COM
will,VERB,O
open,VERB,O
the,DET,O
floodgates,NOUN,O
on,ADP,O
TouchPad,PROPN,U-PDT
bundles,NOUN,O
today,NOUN,O
at,ADP,O
2:30PM,NUM,O
Eastern,PROPN,O
",",PUNCT,O
so,ADP,O
those,DET,O
of,ADP,O
you,PRON,O
yearning,VERB,O
for,ADP,O
one,NUM,O
final,ADJ,O
taste,NOUN,O
of,ADP,O
webOS,PROPN,U-PDT
had,VERB,O
best,ADJ,O
be,VERB,O
ready,ADJ,O
to,PART,O
go,VERB,O
by,ADP,O
then,ADV,O
.,PUNCT,O
##END,###,OTOKEN,POS,NER
According,VERB,O
to,ADP,O
a,DET,O
statement,NOUN,O
just,ADV,O
issued,VERB,O
by,ADP,O
Apple,PROPN,U-COM
’s,PROPN,O
Board,PROPN,O
of,ADP,O
Directors,PROPN,O
",",PUNCT,O
company,NOUN,O
co,ADV,O
-,PUNCT,O
founder,NOUN,O
and,CONJ,O
longtime,NOUN,O
CEO,NOUN,O
Steve,PROPN,B-PPL
Jobs,PROPN,L-PPL
has,VERB,O
passed,VERB,O
away,PART,O
.,PUNCT,O
##END,###,O
Apple,PROPN,U-COM
has,VERB,O
also,ADV,O
put,VERB,O
up,PART,O
the,DET,O
following,VERB,O
website,NOUN,O
in,ADP,O
memory,NOUN,O
.,PUNCT,O
##END,###,O
They,PRON,O
’re,VERB,O
asking,VERB,O
for,ADP,O
“,PUNCT,O
thoughts,NOUN,O
",",PUNCT,O
memories,NOUN,O
",",PUNCT,O
and,CONJ,O
condolences,NOUN,O
”,PUNCT,O
to,PART,O
be,VERB,O
shared,VERB,O
by,ADP,O
way,NOUN,O
of,ADP,O
this,DET,O
email,NOUN,O
address,NOUN,O
:,PUNCT,O
##END,###,O
rememberingsteve@apple.com,X,O
##END,###,O
It,PRON,O
was,VERB,O
only,ADV,O
a,DET,O
little,ADJ,O
over,ADP,B-DAT
a,DET,I-DAT
month,NOUN,I-DAT
ago,ADV,L-DAT
that,ADP,O
Jobs,PROPN,U-PPL
stepped,VERB,O
down,PART,O
as,ADP,O
CEO,NOUN,O
saying,VERB,O
at,ADP,O
the,DET,O
time,NOUN,O
",",PUNCT,O
##END,###,O
“,PUNCT,O
I,PRON,O
have,VERB,O
always,ADV,O
said,VERB,O
if,ADP,O
there,ADV,O
ever,ADV,O
came,VERB,O
a,DET,O
day,NOUN,O
when,ADV,O
I,PRON,O
could,VERB,O
no,ADV,O
longer,ADV,O
meet,VERB,O
my,ADJ,O
duties,NOUN,O
and,CONJ,O
expectations,NOUN,O
as,ADP,O
Apple,PROPN,U-COM
’s,PROPN,O
CEO,NOUN,O
",",PUNCT,O
I,PRON,O
would,VERB,O
be,VERB,O
the,DET,O
first,ADJ,O
to,PART,O
let,VERB,O
you,PRON,O
know,VERB,O
.,PUNCT,O
##END,###,O
Unfortunately,ADV,O
",",PUNCT,O
that,DET,O
day,NOUN,O
has,VERB,O
come,VERB,O
.,PUNCT,O
##END,###,O
”,PUNCT,O
Jobs,PROPN,U-PPL
 ,SPACE,O
remained,VERB,O
 ,SPACE,O
Chairman,PROPN,O
of,ADP,O
the,DET,O
Board,PROPN,O
at,ADP,O
the,DET,O
company,NOUN,O
",",PUNCT,O
as,ADV,O
well,ADV,O
as,ADP,O
director,NOUN,O
and,CONJ,O
an,DET,O
Apple,PROPN,U-COM
employee,NOUN,O
.,PUNCT,O
##END,###,O
He,PRON,O
recommended,VERB,O
that,ADP,O
company,NOUN,O
COO,PROPN,O
Tim,PROPN,B-PPL
Cook,PROPN,L-PPL
take,VERB,O
his,ADJ,O
place,NOUN,O
as,ADP,O
CEO,NOUN,O
.,PUNCT,O
##END,###,O
Yesterday,NOUN,U-DAT
",",PUNCT,O
Cook,PROPN,U-PPL
gave,VERB,O
his,ADJ,O
first,ADJ,O
keynote,NOUN,O
address,NOUN,O
as,ADP,O
CEO,NOUN,O
",",PUNCT,O
unveiling,VERB,O
the,DET,O
new,ADJ,O
iPhone,PROPN,B-PDT
4S.,PROPN,L-PDT
##END,###,O
While,ADP,O
that,DET,O
device,NOUN,O
had,VERB,O
been,VERB,O
the,DET,O
focal,ADJ,O
point,NOUN,O
of,ADP,O
Apple,PROPN,U-COM
’s,PROPN,O
website,NOUN,O
for,ADP,O
the,DET,O
past,ADJ,O
24,NUM,O
hours,NOUN,O
",",PUNCT,O
Apple.com,PROPN,U-PDT
is,VERB,O
now,ADV,O
simply,ADV,O
dedicated,VERB,O
to,ADP,O
Jobs,PROPN,U-PPL
",",PUNCT,O
using,VERB,O
a,DET,O
famous,ADJ,O
picture,NOUN,O
of,ADP,O
him,PRON,O
(,PUNCT,O
above,ADP,O
),PUNCT,O
that,DET,O
will,VERB,O
also,ADV,O
grace,VERB,O
the,DET,O
cover,NOUN,O
of,ADP,O
his,ADJ,O
upcoming,ADJ,O
biography,NOUN,O
by,ADP,O
 ,SPACE,O
Walter,PROPN,B-PPL
Isaacson,PROPN,L-PPL
due,ADJ,O
out,ADV,O
next,ADJ,O
month,NOUN,O
.,PUNCT,O
##END,###,O
Jobs,PROPN,U-PPL
had,VERB,O
battled,VERB,O
cancer,NOUN,O
",",PUNCT,O
and,CONJ,O
in,ADP,B-DAT
2004,NUM,L-DAT
had,VERB,O
an,DET,O
operation,NOUN,O
related,VERB,O
to,ADP,O
the,DET,O
disease,NOUN,O
.,PUNCT,O
##END,###,O
In,ADP,O
recent,ADJ,O
years,NOUN,O
",",PUNCT,O
illness,NOUN,O
had,VERB,O
forced,VERB,O
him,PRON,O
to,PART,O
step,VERB,O
back,ADV,O
from,ADP,O
his,ADJ,O
role,NOUN,O
as,ADP,O
CEO,NOUN,O
of,ADP,O
Apple,PROPN,U-COM
on,ADP,O
separate,ADJ,O
occasions,NOUN,O
.,PUNCT,O
##END,###,O
He,PRON,O
also,ADV,O
had,VERB,O
a,DET,O
liver,NOUN,O
transplant,NOUN,O
in,ADP,O
2009,NUM,U-DAT
during,ADP,O
one,NUM,O
of,ADP,O
those,DET,O
medical,ADJ,O
leaves,NOUN,O
.,PUNCT,O
##END,###,O
But,CONJ,O
after,ADP,O
each,DET,O
battle,NOUN,O
",",PUNCT,O
he,PRON,O
came,VERB,O
back,ADV,O
and,CONJ,O
continued,VERB,O
his,ADJ,O
amazing,ADJ,O
work,NOUN,O
at,ADP,O
Apple,PROPN,U-COM
.,PUNCT,O
##END,###,O
In,ADP,O
2007,NUM,U-DAT
",",PUNCT,O
he,PRON,O
unveiled,VERB,O
the,DET,O
iPhone,PROPN,U-PDT
.,PUNCT,O
##END,###,O
In,ADP,O
2010,NUM,U-DAT
",",PUNCT,O
the,DET,O
iPad,PROPN,U-PDT
.,PUNCT,O
##END,###,O
His,ADJ,O
last,ADJ,O
appearance,NOUN,O
on,ADP,O
stage,NOUN,O
was,VERB,O
at,ADP,O
Apple,PROPN,U-COM
’s,PROPN,O
2011,NUM,O
WWDC,PROPN,U-EVT
event,NOUN,O
in,ADP,O
San,PROPN,B-GPE
Francisco,PROPN,L-GPE
.,PUNCT,O
##END,###,O
There,ADV,O
",",PUNCT,O
he,PRON,O
laid,VERB,O
the,DET,O
groundwork,NOUN,O
for,ADP,O
Apple,PROPN,U-COM
’s,PROPN,O
latest,ADJ,O
innovations,NOUN,O
including,VERB,O
iOS,PROPN,B-PDT
5,NUM,L-PDT
",",PUNCT,O
OS,PROPN,B-PDT
X,PROPN,I-PDT
Lion,PROPN,L-PDT
",",PUNCT,O
and,CONJ,O
iCloud,PROPN,U-PDT
.,PUNCT,O
##END,###,O
That,DET,O
performance,NOUN,O
as,ADV,O
well,ADV,O
as,ADP,O
his,ADJ,O
announcement,NOUN,O
that,ADP,O
he,PRON,O
was,VERB,O
stepping,VERB,O
down,PART,O
as,ADP,O
CEO,NOUN,O
of,ADP,O
Apple,PROPN,U-COM
for,ADP,O
the,DET,O
final,ADJ,O
time,NOUN,O
",",PUNCT,O
led,VERB,O
to,ADP,O
two,NUM,O
of,ADP,O
my,ADJ,O
favorite,ADJ,O
posts,NOUN,O
that,ADJ,O
I,PRON,O
’ve,VERB,O
ever,ADV,O
written,VERB,O
.,PUNCT,O
##END,###,O
Both,DET,O
were,VERB,O
about,ADP,O
Jobs,PROPN,U-COM
:,PUNCT,O
“,PUNCT,O
##END,###,O
It,PRON,O
Just,ADV,O
Works,VERB,O
.,PUNCT,O
##END,###,O
”,PUNCT,O
##END,###,O
One,NUM,O
More,ADJ,O
Thing,NOUN,O
…,PUNCT,O
##END,###,O
Steve,PROPN,B-PPL
Jobs,PROPN,L-PPL
was,VERB,O
56,NUM,O
years,NOUN,O
old,ADJ,O
.,PUNCT,O
 ,SPACE,O
##END,###,O
Rest,VERB,O
in,ADP,O
peace,NOUN,O
",",PUNCT,O
Steve,PROPN,U-PPL
.,PUNCT,O
##END,###,O
The,DET,O
release,NOUN,O
from,ADP,O
Apple,PROPN,U-COM
:,PUNCT,O
Statement,NOUN,O
by,ADP,O
Apple,PROPN,U-COM
’s,PROPN,O
Board,PROPN,O
of,ADP,O
Directors,PROPN,O
CUPERTINO,PROPN,U-GPE
",",PUNCT,O
Calif.,PROPN,U-GPE
—,PUNCT,O
##END,###,O
We,PRON,O
are,VERB,O
deeply,ADV,O
saddened,VERB,O
to,PART,O
announce,VERB,O
that,ADP,O
Steve,PROPN,B-PPL
Jobs,PROPN,L-PPL
passed,VERB,O
away,PART,O
today,NOUN,O
.,PUNCT,O
##END,###,O
Steve,PROPN,U-PPL
’s,PROPN,O
brilliance,NOUN,O
",",PUNCT,O
passion,NOUN,O
and,CONJ,O
energy,NOUN,O
were,VERB,O
the,DET,O
source,NOUN,O
of,ADP,O
countless,ADJ,O
innovations,NOUN,O
that,ADJ,O
enrich,VERB,O
and,CONJ,O
improve,VERB,O
all,DET,O
of,ADP,O
our,ADJ,O
lives,NOUN,O
.,PUNCT,O
##END,###,O
The,DET,O
world,NOUN,O
is,VERB,O
immeasurably,ADV,O
better,ADJ,O
because,ADP,O
of,ADP,O
Steve,PROPN,U-PPL
.,PUNCT,O
##END,###,O
His,ADJ,O
greatest,ADJ,O
love,NOUN,O
was,VERB,O
for,ADP,O
his,ADJ,O
wife,NOUN,O
",",PUNCT,O
Laurene,PROPN,U-PPL
",",PUNCT,O
and,CONJ,O
his,ADJ,O
family,NOUN,O
.,PUNCT,O
##END,###,O
Our,ADJ,O
hearts,NOUN,O
go,VERB,O
out,PART,O
to,ADP,O
them,PRON,O
and,CONJ,O
to,ADP,O
all,DET,O
who,NOUN,O
were,VERB,O
touched,VERB,O
by,ADP,O
his,ADJ,O
extraordinary,ADJ,O
gifts,NOUN,O
.,PUNCT,O
##END,###,O
The,DET,O
statement,NOUN,O
from,ADP,O
Jobs’,PROPN,U-PPL
family,NOUN,O
:,PUNCT,O
Steve,PROPN,U-PPL
died,VERB,O
peacefully,ADV,O
today,NOUN,U-DAT
surrounded,VERB,O
by,ADP,O
his,ADJ,O
family,NOUN,O
.,PUNCT,O
##END,###,O
In,ADP,O
his,ADJ,O
public,ADJ,O
life,NOUN,O
",",PUNCT,O
Steve,PROPN,U-PPL
was,VERB,O
known,VERB,O
as,ADP,O
a,DET,O
visionary,ADJ,O
;,PUNCT,O
in,ADP,O
his,ADJ,O
private,ADJ,O
life,NOUN,O
",",PUNCT,O
he,PRON,O
cherished,VERB,O
his,ADJ,O
family,NOUN,O
.,PUNCT,O
##END,###,O
We,PRON,O
are,VERB,O
thankful,ADJ,O
to,ADP,O
the,DET,O
many,ADJ,O
people,NOUN,O
who,NOUN,O
have,VERB,O
shared,VERB,O
their,ADJ,O
wishes,NOUN,O
and,CONJ,O
prayers,NOUN,O
during,ADP,B-DAT
the,DET,I-DAT
last,ADJ,I-DAT
year,NOUN,L-DAT
of,ADP,O
Steve,PROPN,U-PPL
’s,PROPN,O
illness,NOUN,O
;,PUNCT,O
a,DET,O
website,NOUN,O
will,VERB,O
be,VERB,O
provided,VERB,O
for,ADP,O
those,DET,O
who,NOUN,O
wish,VERB,O
to,PART,O
offer,VERB,O
tributes,NOUN,O
and,CONJ,O
memories,NOUN,O
.,PUNCT,O
##END,###,O
We,PRON,O
are,VERB,O
grateful,ADJ,O
for,ADP,O
the,DET,O
support,NOUN,O
and,CONJ,O
kindness,NOUN,O
of,ADP,O
those,DET,O
who,NOUN,O
share,VERB,O
our,ADJ,O
feelings,NOUN,O
for,ADP,O
Steve,PROPN,U-PPL
.,PUNCT,O
##END,###,O
We,PRON,O
know,VERB,O
many,ADJ,O
of,ADP,O
you,PRON,O
will,VERB,O
mourn,VERB,O
with,ADP,O
us,PRON,O
",",PUNCT,O
and,CONJ,O
we,PRON,O
ask,VERB,O
that,ADP,O
you,PRON,O
respect,VERB,O
our,ADJ,O
privacy,NOUN,O
during,ADP,O
our,ADJ,O
time,NOUN,O
of,ADP,O
grief,NOUN,O
.,PUNCT,O
##END,###,O
Tim,PROPN,B-PPL
Cook,PROPN,L-PPL
’s,PROPN,O
email,NOUN,O
to,ADP,O
Apple,PROPN,U-COM
employees,NOUN,O
:,PUNCT,O
##END,###,O
Team,PROPN,O
",",PUNCT,O
I,PRON,O
have,VERB,O
some,DET,O
very,ADV,O
sad,ADJ,O
news,NOUN,O
to,PART,O
share,VERB,O
with,ADP,O
all,DET,O
of,ADP,O
you,PRON,O
.,PUNCT,O
##END,###,O
Steve,PROPN,U-PPL
passed,VERB,O
away,ADV,O
earlier,ADV,O
today,NOUN,O
.,PUNCT,O
##END,###,O
Apple,PROPN,U-COM
has,VERB,O
lost,VERB,O
a,DET,O
visionary,ADJ,O
and,CONJ,O
creative,ADJ,O
genius,NOUN,O
",",PUNCT,O
and,CONJ,O
the,DET,O
world,NOUN,O
has,VERB,O
lost,VERB,O
an,DET,O
amazing,ADJ,O
human,NOUN,O
being,NOUN,O
.,PUNCT,O
##END,###,O
Those,DET,O
of,ADP,O
us,PRON,O
who,NOUN,O
have,VERB,O
been,VERB,O
fortunate,ADJ,O
enough,ADV,O
to,PART,O
know,VERB,O
and,CONJ,O
work,VERB,O
with,ADP,O
Steve,PROPN,U-PPL
have,VERB,O
lost,VERB,O
a,DET,O
dear,ADJ,O
friend,NOUN,O
and,CONJ,O
an,DET,O
inspiring,ADJ,O
mentor,NOUN,O
.,PUNCT,O
##END,###,O
Steve,PROPN,U-PPL
leaves,VERB,O
behind,ADP,O
a,DET,O
company,NOUN,O
that,ADP,O
only,ADV,O
he,PRON,O
could,VERB,O
have,VERB,O
built,VERB,O
",",PUNCT,O
and,CONJ,O
his,ADJ,O
spirit,NOUN,O
will,VERB,O
forever,ADV,O
be,VERB,O
the,DET,O
foundation,NOUN,O
of,ADP,O
Apple,PROPN,U-COM
.,PUNCT,O
##END,###,O
We,PRON,O
are,VERB,O
planning,VERB,O
a,DET,O
celebration,NOUN,O
of,ADP,O
Steve,PROPN,U-PPL
’s,PROPN,O
extraordinary,ADJ,O
life,NOUN,O
for,ADP,O
Apple,PROPN,U-COM
employees,NOUN,O
that,ADJ,O
will,VERB,O
take,VERB,O
place,NOUN,O
soon,ADV,O
.,PUNCT,O
##END,###,O
If,ADP,O
you,PRON,O
would,VERB,O
like,VERB,O
to,PART,O
share,VERB,O
your,ADJ,O
thoughts,NOUN,O
",",PUNCT,O
memories,NOUN,O
and,CONJ,O
condolences,NOUN,O
 ,SPACE,O
in,ADP,O
the,DET,O
interim,ADJ,O
",",PUNCT,O
you,PRON,O
can,VERB,O
simply,ADV,O
email,VERB,O
 ,SPACE,O
rememberingsteve@apple.com.,NOUN,O
##END,###,O
No,DET,O
words,NOUN,O
can,VERB,O
adequately,ADV,O
express,VERB,O
our,ADJ,O
sadness,NOUN,O
at,ADP,O
Steve,PROPN,U-PPL
’s,PROPN,O
death,NOUN,O
or,CONJ,O
our,ADJ,O
gratitude,NOUN,O
for,ADP,O
the,DET,O
opportunity,NOUN,O
to,PART,O
work,VERB,O
with,ADP,O
him,PRON,O
.,PUNCT,O
##END,###,O
We,PRON,O
will,VERB,O
honor,VERB,O
his,ADJ,O
memory,NOUN,O
by,ADP,O
dedicating,VERB,O
ourselves,PRON,O
to,ADP,O
continuing,VERB,O
the,DET,O
work,NOUN,O
he,PRON,O
loved,VERB,O
so,ADV,O
much,ADV,O
.,PUNCT,O
##END,###,O
Tim,PROPN,U-PPL
##END,###,O
The,DET,O
message,NOUN,O
on,ADP,O
Apple,PROPN,U-COM
’s,PROPN,O
website,NOUN,O
:,PUNCT,O
##END,###,O
Zynga,PROPN,U-COM
is,VERB,O
still,ADV,O
in,ADP,O
its,ADJ,O
quiet,ADJ,O
period,NOUN,O
for,ADP,O
another,DET,O
24,NUM,O
days,NOUN,O
after,ADP,O
going,VERB,O
public,ADJ,O
yesterday,NOUN,U-DAT
",",PUNCT,O
so,CONJ,O
chief,ADJ,O
operating,NOUN,O
officer,NOUN,O
John,PROPN,B-PPL
Schappert,PROPN,L-PPL
would,VERB,O
n’t,ADV,O
answer,VERB,O
my,ADJ,O
more,ADV,O
specific,ADJ,O
questions,NOUN,O
about,ADP,O
the,DET,O
company,NOUN,O
’s,PART,O
future,ADJ,O
plans,NOUN,O
when,ADV,O
I,PRON,O
talked,VERB,O
to,ADP,O
him,PRON,O
last,ADJ,O
night,NOUN,O
.,PUNCT,O
##END,###,O