The,DET,O
atom,NOUN,O
-,PUNCT,O
sized,ADJ,O
computer,NOUN,O
chip,NOUN,O
has,VERB,O
been,VERB,O
built,VERB,O
",",PUNCT,O
claimed,VERB,O
scientists,NOUN,O
at,ADP,O
the,DET,O
Danish,PROPN,B-ACA
University,PROPN,I-ACA
of,ADP,I-ACA
Techology,PROPN,L-ACA
",",PUNCT,O
reducing,VERB,O
the,DET,O
',PUNCT,O
on,ADV,O
-,PUNCT,O
off,PART,O
',PUNCT,O
element,NOUN,O
of,ADP,O
a,DET,O
microchip,NOUN,O
to,ADP,O
atomic,ADJ,O
dimensions,NOUN,O
.,PUNCT,O
##END,###,O
The,DET,O
Danish,ADJ,O
team,NOUN,O
reckons,VERB,O
it,PRON,O
has,VERB,O
a,DET,O
device,NOUN,O
in,ADP,O
which,ADJ,O
a,DET,O
single,ADJ,O
atom,NOUN,O
can,VERB,O
jump,VERB,O
back,ADV,O
and,CONJ,O
forth,ADV,O
to,PART,O
create,VERB,O
the,DET,O
',PUNCT,O
on,ADP,O
',PUNCT,O
and,CONJ,O
',PUNCT,O
off,ADP,O
',PUNCT,O
states,NOUN,O
of,ADP,O
a,DET,O
computer,NOUN,O
",",PUNCT,O
leap,VERB,O
-,PUNCT,O
frogging,VERB,O
technologies,NOUN,O
like,ADP,O
that,DET,O
of,ADP,O
Texas,PROPN,B-COM
Instruments,PROPN,L-COM
which,ADJ,O
can,VERB,O
build,VERB,O
transistors,NOUN,O
"1,000",NUM,O
times,NOUN,O
thinner,ADJ,O
than,ADP,O
a,DET,O
human,ADJ,O
hair,NOUN,O
.,PUNCT,O
##END,###,O
Team,PROPN,O
leader,NOUN,O
Francois,PROPN,B-PPL
Grey,PROPN,L-PPL
told,VERB,O
Reuters,PROPN,U-COM
of,ADP,O
the,DET,O
experiment,NOUN,O
in,ADP,O
which,ADJ,O
a,DET,O
silicon,NOUN,O
chip,NOUN,O
was,VERB,O
covered,VERB,O
with,ADP,O
a,DET,O
layer,NOUN,O
of,ADP,O
hydrogen,NOUN,O
atom,NOUN,O
pairs,NOUN,O
.,PUNCT,O
##END,###,O
Then,ADV,O
a,DET,O
single,ADJ,O
hydrogen,NOUN,O
atom,NOUN,O
was,VERB,O
removed,VERB,O
from,ADP,O
a,DET,O
pair,NOUN,O
using,VERB,O
a,DET,O
silicon,NOUN,O
atom,NOUN,O
.,PUNCT,O
##END,###,O
The,DET,O
remaining,VERB,O
hydrogen,NOUN,O
atom,NOUN,O
was,VERB,O
left,VERB,O
bouncing,VERB,O
between,ADP,O
the,DET,O
silicon,NOUN,O
atoms,NOUN,O
.,PUNCT,O
##END,###,O
It,PRON,O
is,VERB,O
unlikely,ADJ,O
to,PART,O
be,VERB,O
available,ADJ,O
in,ADP,O
a,DET,O
Christmas,PROPN,O
PC,NOUN,O
for,ADP,O
a,DET,O
few,ADJ,O
decades,NOUN,O
",",PUNCT,O
but,CONJ,O
the,DET,B-ACA
University,PROPN,L-ACA
is,VERB,O
optimistic,ADJ,O
about,ADP,O
its,ADJ,O
development,NOUN,O
.,PUNCT,O
##END,###,O
Grey,PROPN,U-PPl
's,PART,O
first,ADJ,O
hopes,NOUN,O
are,VERB,O
for,ADP,O
storage,NOUN,O
systems,NOUN,O
that,ADJ,O
use,VERB,O
the,DET,O
technique,NOUN,O
to,PART,O
save,VERB,O
information,NOUN,O
",",PUNCT,O
reducing,VERB,O
today,NOUN,U-DAT
's,PART,O
4Gb,ADJ,O
hard,ADJ,O
disk,NOUN,O
drives,NOUN,O
to,ADP,O
credit,NOUN,O
-,PUNCT,O
card,NOUN,O
-,PUNCT,O
sized,ADJ,O
objects,NOUN,O
that,ADJ,O
can,VERB,O
old,ADJ,O
terabytes,NOUN,O
of,ADP,O
data,NOUN,O
.,PUNCT,O
##END,###,O
Microsoft,PROPN,B-COM
Corp,PROPN,L-COM
said,VERB,O
Thursday,PROPN,U-DAT
it,PRON,O
had,VERB,O
reached,VERB,O
an,DET,O
agreement,NOUN,O
to,PART,O
license,VERB,O
elements,NOUN,O
of,ADP,O
audio,ADJ,O
technology,NOUN,O
developed,VERB,O
by,ADP,O
Israel,PROPN,U-GPE
's,PART,O
Waves,PROPN,B-COM
Ltd.,PROPN,L-COM
##END,###,O
Microsoft,PROPN,U-COM
said,VERB,O
in,ADP,O
a,DET,O
statement,NOUN,O
that,ADP,O
it,PRON,O
would,VERB,O
use,VERB,O
Waves,PROPN,U-COM
',PART,O
TrueVerb,PROPN,B-PDT
technology,NOUN,L-PDT
in,ADP,O
future,ADJ,O
versions,NOUN,O
of,ADP,O
its,ADJ,O
operating,NOUN,O
systems,NOUN,O
",",PUNCT,O
including,VERB,O
DirectMusic,PROPN,U-PDT
",",PUNCT,O
an,DET,O
applications,NOUN,O
programming,NOUN,O
interface,NOUN,O
.,PUNCT,O
##END,###,O
TrueVerb,PROPN,U-PDT
makes,VERB,O
it,PRON,O
possible,ADJ,O
to,PART,O
simulate,VERB,O
the,DET,O
effects,NOUN,O
of,ADP,O
different,ADJ,O
acoustic,ADJ,O
spaces,NOUN,O
.,PUNCT,O
##END,###,O
Fat,NOUN,O
-,PUNCT,O
walleted,VERB,O
gentlemen,NOUN,O
make,VERB,O
for,ADP,O
narrowband,NOUN,O
delight,NOUN,O
...,PUNCT,O
##END,###,O
Hewlett,PROPN,B-COM
-,PUNCT,I-COM
Packard,PROPN,L-COM
(,PUNCT,O
NYSE,PROPN,U-COM
:,PUNCT,O
HWP,PROPN,U-COM
),PUNCT,O
",",PUNCT,O
the,DET,O
13th,ADV,O
-,PUNCT,O
largest,ADJ,O
firm,NOUN,O
in,ADP,O
the,DET,O
U.S.,PROPN,U-GPE
with,ADP,O
1998,NUM,O
revenues,NOUN,O
of,ADP,O
$,SYM,B-MON
47,NUM,I-MON
billion,NUM,L-MON
",",PUNCT,O
dwarfs,VERB,O
the,DET,O
other,ADJ,O
U.S.,PROPN,U-GPE
firms,NOUN,O
headed,VERB,O
by,ADP,O
women,NOUN,O
including,VERB,O
the,DET,O
next,ADV,O
largest,ADJ,O
with,ADP,O
a,DET,O
woman,NOUN,O
CEO,PROPN,O
",",PUNCT,O
toy,NOUN,O
maker,NOUN,O
Mattel,PROPN,U-COM
.,PUNCT,O
##END,###,O
That,DET,O
firm,NOUN,O
",",PUNCT,O
headed,VERB,O
by,ADP,O
Jill,PROPN,B-PPL
E.,PROPN,I-PPL
Barad,PROPN,L-PPL
",",PUNCT,O
is,VERB,O
the,DET,O
nation,NOUN,O
's,PART,O
331st,NUM,O
largest,ADJ,O
and,CONJ,O
had,VERB,O
$,SYM,B-MON
4.7,NUM,I-MON
billion,NUM,L-MON
in,ADP,O
revenues,NOUN,O
last,ADJ,B-DAT
year,NOUN,L-DAT
.,PUNCT,O
##END,###,O
Fiorina,PROPN,U-PPL
's,PART,O
appointment,NOUN,O
is,VERB,O
proof,NOUN,O
that,ADP,O
American,ADJ,O
women,NOUN,O
executives,NOUN,O
are,VERB,O
making,VERB,O
great,ADJ,O
strides,NOUN,O
",",PUNCT,O
moving,VERB,O
ahead,ADV,O
with,ADP,O
a,DET,O
velocity,NOUN,O
that,ADJ,O
was,VERB,O
unthinkable,ADJ,O
even,ADV,O
a,DET,O
decade,NOUN,O
ago,ADV,O
",",PUNCT,O
some,DET,O
observers,NOUN,O
said,VERB,O
.,PUNCT,O
##END,###,O
"""",PUNCT,O
You,PRON,O
routinely,ADV,O
see,VERB,O
female,ADJ,O
VPs,NOUN,O
now,ADV,O
",",PUNCT,O
and,CONJ,O
you,PRON,O
did,VERB,O
n't,ADV,O
have,VERB,O
that,DET,O
10,NUM,O
years,NOUN,O
ago,ADV,O
",",PUNCT,O
"""",PUNCT,O
said,VERB,O
Karan,PROPN,B-PPL
Eriksson,PROPN,L-PPL
",",PUNCT,O
CEO,NOUN,O
of,ADP,O
Women,PROPN,B-COM
in,ADP,I-COM
Technology,PROPN,I-COM
International,PROPN,L-COM
",",PUNCT,O
in,ADP,O
an,DET,O
interview,NOUN,O
.,PUNCT,O
##END,###,O
Improved,ADJ,O
access,NOUN,O
to,ADP,O
capital,NOUN,O
",",PUNCT,O
combined,VERB,O
with,ADP,O
a,DET,O
shortage,NOUN,O
of,ADP,O
skilled,ADJ,O
workers,NOUN,O
in,ADP,O
many,ADJ,O
industries,NOUN,O
",",PUNCT,O
have,VERB,O
contributed,VERB,O
to,ADP,O
the,DET,O
trend,NOUN,O
of,ADP,O
women,NOUN,O
securing,VERB,O
top,ADJ,O
management,NOUN,O
roles,NOUN,O
",",PUNCT,O
Eriksson,PROPN,U-PPL
said,VERB,O
.,PUNCT,O
##END,###,O
"""",PUNCT,O
So,ADV,O
many,ADJ,O
women,NOUN,O
have,VERB,O
taken,VERB,O
companies,NOUN,O
public,ADJ,O
and,CONJ,O
done,VERB,O
an,DET,O
amazing,ADJ,O
job,NOUN,O
",",PUNCT,O
"""",PUNCT,O
she,PRON,O
added,VERB,O
.,PUNCT,O
##END,###,O
"""",PUNCT,O
And,CONJ,O
talent,NOUN,O
is,VERB,O
so,ADV,O
hard,ADJ,O
to,PART,O
get,VERB,O
that,ADP,O
it,PRON,O
makes,VERB,O
sex,NOUN,O
and,CONJ,O
race,NOUN,O
less,ADV,O
critical,ADJ,O
.,PUNCT,O
"""",PUNCT,O
##END,###,O
Livermore,PROPN,U-PPL
also,ADV,O
in,ADP,O
running,NOUN,O
The,DET,B-COM
Internal,PROPN,I-COM
HP,PROPN,L-COM
candidate,NOUN,O
much,ADV,O
hyped,VERB,O
to,PART,O
replace,VERB,O
outgoing,ADJ,O
CEO,PROPN,O
Lewis,PROPN,B-PPL
Platt,PROPN,L-PPL
was,VERB,O
another,DET,O
woman,NOUN,O
",",PUNCT,O
veteran,NOUN,O
executive,NOUN,O
Ann,PROPN,B-PPL
Livermore,PROPN,L-PPL
",",PUNCT,O
CEO,NOUN,O
of,ADP,O
the,DET,O
company,NOUN,O
's,PART,O
enterprise,NOUN,O
computing,NOUN,O
division,NOUN,O
.,PUNCT,O
##END,###,O
This,DET,O
proves,VERB,O
that,DET,O
high,ADJ,O
-,PUNCT,O
tech,NOUN,O
in,ADP,O
particular,ADJ,O
has,VERB,O
opened,VERB,O
up,PART,O
new,ADJ,O
avenues,NOUN,O
for,ADP,O
women,NOUN,O
executives,NOUN,O
",",PUNCT,O
even,ADV,O
though,ADP,O
the,DET,O
field,NOUN,O
has,VERB,O
not,ADV,O
traditionally,ADV,O
been,VERB,O
viewed,VERB,O
as,ADP,O
a,DET,O
haven,NOUN,O
for,ADP,O
women,NOUN,O
",",PUNCT,O
other,ADJ,O
observers,NOUN,O
said,VERB,O
.,PUNCT,O
##END,###,O
"""",PUNCT,O
Companies,NOUN,O
understand,VERB,O
now,ADV,O
that,ADP,O
they,PRON,O
have,VERB,O
to,PART,O
be,VERB,O
more,ADV,O
inclusive,ADJ,O
"""",PUNCT,O
in,ADP,O
their,ADJ,O
hiring,NOUN,O
and,CONJ,O
especially,ADV,O
in,ADP,O
executive,NOUN,O
searches,NOUN,O
",",PUNCT,O
said,VERB,O
Anne,PROPN,B-PPL
Pasley,PROPN,L-PPL
-,PUNCT,L-PPL
Stuart,PROPN,L-PPL
",",PUNCT,O
president,NOUN,O
and,CONJ,O
CEO,NOUN,O
of,ADP,O
Pasley,PROPN,B-COM
-,PUNCT,I-COM
Stuart,PROPN,I-COM
Human,PROPN,I-COM
Resources,PROPN,I-COM
Consulting,PROPN,L-COM
in,ADP,O
Boise,PROPN,U-GPE
",",PUNCT,O
Idaho,PROPN,U-GPE
.,PUNCT,O
##END,###,O
"""",PUNCT,O
I,PRON,O
'm,VERB,O
sure,ADJ,O
whoever,NOUN,O
chaired,VERB,O
the,DET,O
search,NOUN,O
group,NOUN,O
was,VERB,O
looking,VERB,O
for,ADP,O
new,ADJ,O
blood,NOUN,O
",",PUNCT,O
which,ADJ,O
is,VERB,O
often,ADV,O
the,DET,O
case,NOUN,O
in,ADP,O
CEO,NOUN,O
searches,NOUN,O
",",PUNCT,O
"""",PUNCT,O
Pasley,PROPN,U-PPL
-,PUNCT,U-PPL
Stuart,PROPN,U-PPL
said,VERB,O
in,ADP,O
an,DET,O
interview,NOUN,O
.,PUNCT,O
##END,###,O
"""",PUNCT,O
But,CONJ,O
the,DET,O
fact,NOUN,O
that,ADP,O
one,NUM,O
of,ADP,O
the,DET,O
top,ADJ,O
internal,ADJ,O
candidates,NOUN,O
was,VERB,O
also,ADV,O
a,DET,O
woman,NOUN,O
goes,VERB,O
to,PART,O
show,VERB,O
how,ADV,O
much,ADJ,O
progress,NOUN,O
has,VERB,O
been,VERB,O
made,VERB,O
.,PUNCT,O
"""",PUNCT,O
##END,###,O
"""",PUNCT,O
What,NOUN,O
warms,VERB,O
my,ADJ,O
heart,NOUN,O
the,DET,O
most,ADV,O
is,VERB,O
that,DET,O
two,NUM,O
of,ADP,O
the,DET,O
finalists,NOUN,O
were,VERB,O
women,NOUN,O
",",PUNCT,O
"""",PUNCT,O
said,VERB,O
Jean,PROPN,B-PPL
Isberg,PROPN,I-PPL
Stafford,PROPN,L-PPL
",",PUNCT,O
founder,NOUN,O
and,CONJ,O
president,NOUN,O
of,ADP,O
Executive,PROPN,B-COM
Coaching,PROPN,I-COM
for,ADP,I-COM
Women,PROPN,I-COM
Inc.,PROPN,L-COM
in,ADP,O
Great,PROPN,B-GPE
Falls,PROPN,L-GPE
",",PUNCT,O
Va.,PROPN,L-GPE
##END,###,O
"""",PUNCT,O
It,PRON,O
shows,VERB,O
that,ADP,O
companies,NOUN,O
now,ADV,O
are,VERB,O
not,ADV,O
just,ADV,O
hiring,VERB,O
women,NOUN,O
to,PART,O
meet,VERB,O
EEOC,PROPN,O
(,PUNCT,O
Equal,PROPN,O
Employment,PROPN,O
Opportunity,PROPN,O
Commission,PROPN,O
),PUNCT,O
requirements,NOUN,O
",",PUNCT,O
but,CONJ,O
because,ADP,O
they,PRON,O
are,VERB,O
qualified,ADJ,O
",",PUNCT,O
"""",PUNCT,O
Stafford,PROPN,U-PPL
",",PUNCT,O
an,DET,O
expert,NOUN,O
on,ADP,O
issues,NOUN,O
facing,VERB,O
women,NOUN,O
in,ADP,O
the,DET,O
workplace,NOUN,O
",",PUNCT,O
said,VERB,O
in,ADP,O
an,DET,O
interview,NOUN,O
.,PUNCT,O
##END,###,O
But,CONJ,O
she,PRON,O
added,VERB,O
that,ADP,O
by,ADP,O
and,CONJ,O
large,ADJ,O
",",PUNCT,O
women,NOUN,O
executives,NOUN,O
are,VERB,O
still,ADV,O
paid,VERB,O
less,ADJ,O
than,ADP,O
men,NOUN,O
in,ADP,O
equivalent,ADJ,O
positions,NOUN,O
.,PUNCT,O
##END,###,O
"""",PUNCT,O
We,PRON,O
've,VERB,O
had,VERB,O
intermittent,ADJ,O
breakthroughs,NOUN,O
",",PUNCT,O
but,CONJ,O
we,PRON,O
're,VERB,O
not,ADV,O
quite,ADV,O
there,ADV,O
yet,ADV,O
",",PUNCT,O
"""",PUNCT,O
Stafford,PROPN,U-PPL
said,VERB,O
.,PUNCT,O
##END,###,O
We,PRON,O
all,DET,O
have,VERB,O
heard,VERB,O
the,DET,O
predictions,NOUN,O
that,ADP,O
U.S.,PROPN,U-GPE
IT,NOUN,O
companies,NOUN,O
will,VERB,O
suffer,VERB,O
a,DET,O
terrible,ADJ,O
downturn,NOUN,O
around,ADP,O
the,DET,O
New,PROPN,O
Year,PROPN,O
",",PUNCT,O
and,CONJ,O
that,ADP,O
executives,NOUN,O
are,VERB,O
hiding,VERB,O
the,DET,O
fact,NOUN,O
to,PART,O
buoy,VERB,O
share,NOUN,O
prices,NOUN,O
until,ADP,O
they,PRON,O
can,VERB,O
get,VERB,O
out,PART,O
.,PUNCT,O
##END,###,O
There,ADV,O
's,VERB,O
been,VERB,O
no,DET,O
appreciable,ADJ,O
increase,NOUN,O
in,ADP,O
insider,NOUN,O
selling,NOUN,O
of,ADP,O
shares,NOUN,O
in,ADP,O
these,DET,O
companies,NOUN,O
",",PUNCT,O
so,ADV,O
let,VERB,O
me,PRON,O
suggest,VERB,O
an,DET,O
alternative,NOUN,O
scenario,NOUN,O
supported,VERB,O
by,ADP,O
an,DET,O
interesting,ADJ,O
research,NOUN,O
report,NOUN,O
from,ADP,O
FAC/Equities,NOUN,U-COM
",",PUNCT,O
a,DET,O
part,NOUN,O
of,ADP,O
the,DET,O
First,PROPN,B-COM
Albany,PROPN,I-COM
Corporation,PROPN,L-COM
.,PUNCT,O
##END,###,O
Titled,VERB,O
"""",PUNCT,O
##END,###,O
Y2,PROPN,O
K,PROPN,O
:,PUNCT,O
Sandbagging,VERB,O
Estimates,NOUN,O
##END,###,O
",",PUNCT,O
"""",PUNCT,O
the,DET,O
FAC/Equities,NOUN,U-COM
report,NOUN,O
suggests,VERB,O
that,ADP,O
instead,ADV,O
of,ADP,O
hiding,VERB,O
losses,NOUN,O
",",PUNCT,O
most,ADJ,O
leading,VERB,O
IT,NOUN,O
companies,NOUN,O
are,VERB,O
actually,ADV,O
hiding,VERB,O
"""",PUNCT,O
potentially,ADV,O
strong,ADJ,O
year,NOUN,O
-,PUNCT,O
end,NOUN,O
results,NOUN,O
.,PUNCT,O
##END,###,O
"""",PUNCT,O
The,DET,O
bank,NOUN,O
issues,NOUN,O
"""",PUNCT,O
Buy,VERB,O
"""",PUNCT,O
ratings,NOUN,O
on,ADP,O
several,ADJ,O
stocks,NOUN,O
thought,VERB,O
to,PART,O
be,VERB,O
Y2,ADJ,O
K,PROPN,O
victims,NOUN,O
",",PUNCT,O
including,VERB,O
Business,PROPN,B-COM
Objects,PROPN,L-COM
",",PUNCT,O
Informatica,PROPN,U-COM
",",PUNCT,O
Microstrategy,PROPN,U-COM
",",PUNCT,O
Oracle,PROPN,U-COM
",",PUNCT,O
Pervasive,PROPN,B-COM
Software,PROPN,L-COM
",",PUNCT,O
and,CONJ,O
Showcase,PROPN,B-COM
Corp.,PROPN,L-COM
Let,VERB,O
's,PRON,O
focus,VERB,O
on,ADP,O
Oracle,PROPN,U-COM
",",PUNCT,O
since,ADP,O
it,PRON,O
is,VERB,O
a,DET,O
company,NOUN,O
with,ADP,O
its,ADJ,O
share,NOUN,O
of,ADP,O
Y2,PROPN,O
K,PROPN,O
problems,NOUN,O
remaining,VERB,O
.,PUNCT,O
##END,###,O
Oracle,PROPN,O
has,VERB,O
seen,VERB,O
some,DET,O
of,ADP,O
its,ADJ,O
worst,ADJ,O
days,NOUN,O
within,ADP,B-DAT
the,DET,I-DAT
last,ADJ,I-DAT
year,NOUN,L-DAT
.,PUNCT,O
##END,###,O
The,DET,O
stock,NOUN,O
tanked,VERB,O
after,ADP,O
the,DET,O
company,NOUN,O
disappointed,VERB,O
early,ADV,B-DAT
in,ADP,I-DAT
1998,NUM,L-DAT
",",PUNCT,O
bounced,VERB,O
upward,ADV,O
in,ADP,O
price,NOUN,O
",",PUNCT,O
then,ADV,O
fell,VERB,O
back,ADV,O
to,ADP,O
its,ADJ,O
lows,NOUN,O
again,ADV,O
in,ADP,B-DAT
the,DET,B-DAT
fall,NOUN,I-DAT
of,ADP,I-DAT
that,DET,I-DAT
year,NOUN,L-DAT
.,PUNCT,O
##END,###,O
During,ADP,B-DAT
1999,NUM,L-DAT
",",PUNCT,O
Oracle,PROPN,U-COM
has,VERB,O
climbed,VERB,O
all,ADJ,O
the,DET,O
way,NOUN,O
to,ADP,O
$,SYM,B-MON
53,NUM,L-MON
from,ADP,O
as,ADV,O
low,ADJ,O
as,ADP,O
$,SYM,B-MON
14,NUM,I-MON
and,CONJ,I-MON
7/8ths,NOUN,L-MON
.,PUNCT,O
##END,###,O
In,ADP,O
the,DET,O
fourth,ADJ,O
quarter,NOUN,O
of,ADP,O
its,ADJ,O
fiscal,ADJ,O
1999,NUM,U-DAT
",",PUNCT,O
Oracle,PROPN,U-COM
issued,VERB,O
cautionary,ADJ,O
guidance,NOUN,O
to,ADP,O
analysts,NOUN,O
before,ADP,O
announcing,VERB,O
higher,ADJ,O
than,ADP,O
expected,VERB,O
earnings,NOUN,O
.,PUNCT,O
##END,###,O
Now,ADV,O
",",PUNCT,O
the,DET,O
bad,ADJ,O
news,NOUN,O
is,VERB,O
that,ADP,O
its,ADJ,O
Internet,NOUN,O
transaction,NOUN,O
server,NOUN,O
",",PUNCT,O
a,DET,O
key,NOUN,O
to,ADP,O
the,DET,O
Web,PROPN,O
product,NOUN,O
suite,NOUN,O
it,PRON,O
is,VERB,O
relying,VERB,O
on,ADP,O
",",PUNCT,O
is,VERB,O
still,ADV,O
not,ADV,O
Y2,ADJ,O
K,PROPN,O
compliant,ADJ,O
.,PUNCT,O
##END,###,O
There,ADV,O
are,VERB,O
workarounds,NOUN,O
",",PUNCT,O
but,CONJ,O
the,DET,O
developers,NOUN,O
I,PRON,O
talk,VERB,O
with,ADP,O
",",PUNCT,O
who,NOUN,O
received,VERB,O
letters,NOUN,O
from,ADP,O
Oracle,PROPN,U-COM
resellers,NOUN,O
notifying,VERB,O
them,PRON,O
there,ADV,O
will,VERB,O
not,ADV,O
be,VERB,O
a,DET,O
compliant,ADJ,O
version,NOUN,O
before,ADP,O
the,DET,O
New,PROPN,O
Year,PROPN,O
",",PUNCT,O
may,VERB,O
consider,VERB,O
alternative,ADJ,O
products,NOUN,O
after,ADP,O
this,DET,O
bitter,ADJ,O
pill,NOUN,O
.,PUNCT,O
##END,###,O
The,DET,O
question,NOUN,O
is,VERB,O
",",PUNCT,O
as,ADP,O
FAC/Equities,NOUN,U-COM
suggests,VERB,O
",",PUNCT,O
is,VERB,O
Oracle,PROPN,U-COM
using,VERB,O
Y2,PROPN,O
K,PROPN,O
fears,VERB,O
to,PART,O
keep,VERB,O
investors,NOUN,O
expectations,NOUN,O
low,ADJ,O
?,PUNCT,O
##END,###,O
The,DET,O
reason,NOUN,O
why,ADV,O
",",PUNCT,O
for,ADP,O
those,DET,O
of,ADP,O
you,PRON,O
thinking,VERB,O
that,ADP,O
companies,NOUN,O
do,VERB,O
n't,ADV,O
want,VERB,O
investors,NOUN,O
thinking,VERB,O
badly,ADV,O
of,ADP,O
them,PRON,O
",",PUNCT,O
is,VERB,O
that,ADP,O
a,DET,O
better,ADJ,O
than,ADP,O
expected,ADJ,O
fourth,ADJ,O
quarter,NOUN,O
report,NOUN,O
in,ADP,O
the,DET,O
midst,NOUN,O
of,ADP,O
Y2,PROPN,O
K,PROPN,O
fears,VERB,O
could,VERB,O
substantially,ADV,O
increase,VERB,O
the,DET,O
value,NOUN,O
of,ADP,O
the,DET,O
stock,NOUN,O
.,PUNCT,O
##END,###,O
Investors,NOUN,O
flock,VERB,O
to,ADP,O
quality,NOUN,O
-,PUNCT,O
just,ADV,O
watch,VERB,O
the,DET,O
reaction,NOUN,O
to,ADP,O
earnings,NOUN,O
in,ADP,O
the,DET,O
Internet,NOUN,O
segment,NOUN,O
",",PUNCT,O
where,ADV,O
a,DET,O
single,ADJ,O
bit,NOUN,O
of,ADP,O
good,ADJ,O
news,NOUN,O
can,VERB,O
inflate,VERB,O
a,DET,O
stock,NOUN,O
by,ADP,O
50,NUM,O
percent,NOUN,O
.,PUNCT,O
##END,###,O
While,ADP,O
1999,NUM,U-DAT
has,VERB,O
seen,VERB,O
the,DET,O
stock,NOUN,O
climb,NOUN,O
to,ADP,O
$,SYM,B-MON
53,NUM,L-MON
",",PUNCT,O
a,DET,O
blow,NOUN,O
-,PUNCT,O
out,PART,O
quarter,NOUN,O
announced,VERB,O
in,ADP,O
early,ADJ,B-DAT
February,PROPN,I-DAT
",",PUNCT,I-DAT
2000,NUM,L-DAT
",",PUNCT,O
could,VERB,O
be,VERB,O
a,DET,O
windfall,NOUN,O
.,PUNCT,O
##END,###,O
Of,ADV,O
course,ADV,O
",",PUNCT,O
that,DET,O
requires,VERB,O
failures,NOUN,O
to,PART,O
satisfy,VERB,O
investors,NOUN,O
by,ADP,O
other,ADJ,O
companies,NOUN,O
.,PUNCT,O
##END,###,O
If,ADP,O
Oracles,NOUN,U-COM
comes,VERB,O
out,PART,O
with,ADP,O
just,ADV,O
another,DET,O
big,ADJ,O
quarter,NOUN,O
among,ADP,O
many,ADJ,O
",",PUNCT,O
the,DET,O
results,NOUN,O
may,VERB,O
not,ADV,O
be,VERB,O
as,ADP,O
satisfying,VERB,O
to,ADP,O
Oracle,PROPN,U-COM
's,PART,O
largest,ADJ,O
shareholders,NOUN,O
.,PUNCT,O
##END,###,O
Then,ADV,O
",",PUNCT,O
there,ADV,O
's,VERB,O
the,DET,O
matter,NOUN,O
of,ADP,O
the,DET,O
Y2,PROPN,O
K,PROPN,O
problems,NOUN,O
Oracle,PROPN,U-COM
still,ADV,O
has,VERB,O
.,PUNCT,O
##END,###,O
Even,ADV,O
though,ADP,O
the,DET,O
Web,NOUN,O
transaction,NOUN,O
server,NOUN,O
is,VERB,O
not,ADV,O
Y2,ADJ,O
K,PROPN,O
compliant,ADJ,O
",",PUNCT,O
developers,NOUN,O
are,VERB,O
not,ADV,O
abandoning,VERB,O
the,DET,O
product,NOUN,O
",",PUNCT,O
but,CONJ,O
waiting,VERB,O
for,ADP,O
the,DET,O
fix,NOUN,O
.,PUNCT,O
##END,###,O
Oracle,PROPN,U-COM
may,VERB,O
end,VERB,O
up,PART,O
paying,VERB,O
for,ADP,O
these,DET,O
delays,NOUN,O
in,ADP,O
some,DET,O
form,NOUN,O
of,ADP,O
liability,NOUN,O
",",PUNCT,O
but,CONJ,O
not,ADV,O
likely,ADJ,O
",",PUNCT,O
since,ADP,O
it,PRON,O
has,VERB,O
never,ADV,O
made,VERB,O
any,DET,O
promises,NOUN,O
about,ADP,O
Y2,PROPN,O
K,PROPN,O
compliance,NOUN,O
in,ADP,O
this,DET,O
pre,NOUN,O
-,PUNCT,O
release,NOUN,O
component,NOUN,O
of,ADP,O
its,ADJ,O
extensive,ADJ,O
product,NOUN,O
suite,NOUN,O
.,PUNCT,O
##END,###,O
Moreover,ADV,O
",",PUNCT,O
these,DET,O
losses,NOUN,O
are,VERB,O
not,ADV,O
likely,ADJ,O
to,PART,O
come,VERB,O
before,ADP,O
late,ADJ,B-DAT
2001,NUM,L-DAT
or,CONJ,O
after,ADP,O
.,PUNCT,O
##END,###,O
The,DET,O
vast,ADJ,O
majority,NOUN,O
of,ADP,O
the,DET,O
Oracle,PROPN,U-COM
product,NOUN,O
suite,NOUN,O
is,VERB,O
Y2,PROPN,O
K,PROPN,O
ready,ADJ,O
.,PUNCT,O
##END,###,O
Just,ADV,B-DAT
this,DET,B-DAT
week,NOUN,L-DAT
",",PUNCT,O
Ford,PROPN,U-COM
and,CONJ,O
Oracle,PROPN,U-COM
partnered,VERB,O
to,PART,O
move,VERB,O
the,DET,O
automaker,NOUN,O
's,PART,O
supply,NOUN,O
chain,NOUN,O
onto,ADP,O
the,DET,O
Web,NOUN,O
to,PART,O
totally,ADV,O
transform,VERB,O
the,DET,O
way,NOUN,O
it,PRON,O
does,VERB,O
its,ADJ,O
business,NOUN,O
.,PUNCT,O
##END,###,O
This,DET,O
is,VERB,O
a,DET,O
process,NOUN,O
that,ADJ,O
depends,VERB,O
on,ADP,O
extensive,ADJ,O
accounting,NOUN,O
",",PUNCT,O
inventory,NOUN,O
",",PUNCT,O
EDI,PROPN,O
and,CONJ,O
communications,NOUN,O
connectivity,NOUN,O
",",PUNCT,O
which,ADJ,O
connects,VERB,O
"30,000",NUM,O
vendors,NOUN,O
and,CONJ,O
handles,VERB,O
$,SYM,B-MON
80,NUM,I-MON
billion,NUM,L-MON
in,ADP,O
transactions,NOUN,O
.,PUNCT,O
##END,###,O
The,DET,O
project,NOUN,O
is,VERB,O
a,DET,O
joint,ADJ,O
venture,NOUN,O
of,ADP,O
Ford,PROPN,U-COM
and,CONJ,O
Oracle,PROPN,U-COM
",",PUNCT,O
meaning,VERB,O
that,ADP,O
Oracle,PROPN,U-COM
is,VERB,O
not,ADV,O
receiving,VERB,O
a,DET,O
large,ADJ,O
amount,NOUN,O
of,ADP,O
money,NOUN,O
for,ADP,O
its,ADJ,O
contributions,NOUN,O
-,PUNCT,O
rather,ADV,O
",",PUNCT,O
it,PRON,O
is,VERB,O
creating,VERB,O
opportunities,NOUN,O
to,PART,O
sell,VERB,O
its,ADJ,O
products,NOUN,O
into,ADP,O
Ford,PROPN,U-COM
's,PART,O
supply,NOUN,O
chain,NOUN,O
and,CONJ,O
to,PART,O
share,VERB,O
in,ADP,O
the,DET,O
transaction,NOUN,O
processing,NOUN,O
revenue,NOUN,O
generated,VERB,O
.,PUNCT,O
##END,###,O
This,DET,O
system,NOUN,O
will,VERB,O
not,ADV,O
roll,VERB,O
out,PART,O
until,ADP,O
well,ADV,O
after,ADP,O
the,DET,O
New,PROPN,O
Year,PROPN,O
",",PUNCT,O
but,CONJ,O
it,PRON,O
is,VERB,O
indicative,ADJ,O
of,ADP,O
Oracle,PROPN,U-COM
's,PART,O
confidence,NOUN,O
its,ADJ,O
products,NOUN,O
are,VERB,O
Y2,PROPN,O
K,PROPN,O
ready,ADJ,O
.,PUNCT,O
##END,###,O
It,PRON,O
also,ADV,O
shows,VERB,O
that,ADP,O
major,ADJ,O
companies,NOUN,O
",",PUNCT,O
like,ADP,O
Ford,PROPN,U-COM
",",PUNCT,O
are,VERB,O
not,ADV,O
locking,VERB,O
down,PART,O
their,ADJ,O
IT,NOUN,O
systems,NOUN,O
prior,ADV,O
to,ADP,O
the,DET,O
New,PROPN,O
Year,PROPN,O
.,PUNCT,O
##END,###,O
Some,DET,O
are,VERB,O
",",PUNCT,O
like,ADP,O
E*Trade,PROPN,U-COM
",",PUNCT,O
which,ADJ,O
shut,VERB,O
down,PART,O
new,ADJ,O
development,NOUN,O
at,ADP,O
the,DET,O
beginning,NOUN,O
of,ADP,O
October,PROPN,U-DAT
",",PUNCT,O
according,VERB,O
to,ADP,O
sources,NOUN,O
.,PUNCT,O
##END,###,O
But,CONJ,O
the,DET,O
majority,NOUN,O
of,ADP,O
companies,NOUN,O
are,VERB,O
adopting,VERB,O
a,DET,O
more,ADV,O
systematic,ADJ,O
approach,NOUN,O
to,ADP,O
assessing,VERB,O
and,CONJ,O
implementing,VERB,O
new,ADJ,O
technologies,NOUN,O
",",PUNCT,O
even,ADV,O
before,ADP,O
Year,PROPN,B-DAT
2000,NUM,L-DAT
.,PUNCT,O
##END,###,O
So,ADV,O
",",PUNCT,O
ask,VERB,O
yourself,PRON,O
",",PUNCT,O
what,NOUN,O
's,VERB,O
more,ADV,O
likely,ADJ,O
",",PUNCT,O
that,ADP,O
Oracle,PROPN,U-COM
is,VERB,O
hiding,VERB,O
terrible,ADJ,O
losses,NOUN,O
due,ADJ,O
to,ADP,O
Y2,PROPN,O
K,PROPN,O
",",PUNCT,O
which,ADJ,O
it,PRON,O
will,VERB,O
not,ADV,O
expose,VERB,O
until,ADP,O
after,ADP,O
the,DET,O
turn,NOUN,O
of,ADP,O
the,DET,O
year,NOUN,O
",",PUNCT,O
or,CONJ,O
that,ADP,O
Oracle,PROPN,U-COM
is,VERB,O
continuing,VERB,O
a,DET,O
recent,ADJ,O
tradition,NOUN,O
of,ADP,O
cultivating,VERB,O
lower,ADJ,O
expectations,NOUN,O
among,ADP,O
investors,NOUN,O
?,PUNCT,O
##END,###,O
Like,ADP,O
many,ADJ,O
companies,NOUN,O
",",PUNCT,O
it,PRON,O
is,VERB,O
not,ADV,O
completely,ADV,O
Y2,PROPN,O
K,PROPN,O
ready,ADJ,O
",",PUNCT,O
but,CONJ,O
its,ADJ,O
problems,NOUN,O
are,VERB,O
manageable,ADJ,O
-,PUNCT,O
investors,NOUN,O
will,VERB,O
not,ADV,O
see,VERB,O
its,ADJ,O
stock,NOUN,O
price,NOUN,O
collapse,NOUN,O
in,ADP,O
the,DET,O
wake,NOUN,O
of,ADP,O
unexpected,ADJ,O
losses,NOUN,O
.,PUNCT,O
##END,###,O
FAC/Equities,NOUN,U-COM
',PART,O
argument,NOUN,O
that,ADP,O
Y2,PROPN,O
K,PROPN,O
is,VERB,O
providing,VERB,O
easy,ADJ,O
cover,NOUN,O
for,ADP,O
companies,NOUN,O
setting,VERB,O
up,PART,O
better,ADV,O
-,PUNCT,O
than,ADP,O
-,PUNCT,O
expected,VERB,O
quarterly,ADJ,O
reports,NOUN,O
should,VERB,O
tip,VERB,O
investors,NOUN,O
",",PUNCT,O
and,CONJ,O
those,DET,O
fearful,ADJ,O
of,ADP,O
Y2,PROPN,O
K,PROPN,O
in,ADP,O
general,ADJ,O
",",PUNCT,O
that,ADP,O
the,DET,O
problem,NOUN,O
has,VERB,O
been,VERB,O
contained,VERB,O
.,PUNCT,O
##END,###,O
"""",PUNCT,O
We,PRON,O
have,VERB,O
no,DET,O
plans,NOUN,O
at,ADP,O
present,ADJ,O
to,PART,O
go,VERB,O
flat,ADJ,O
-,PUNCT,O
rate,NOUN,O
in,ADP,O
the,DET,O
UK,PROPN,U-GPE
.,PUNCT,O
##END,###,O
We,PRON,O
've,VERB,O
gone,VERB,O
live,ADV,O
in,ADP,O
the,DET,O
US,PROPN,U-GPE
but,CONJ,O
the,DET,O
networks,NOUN,O
",",PUNCT,O
selling,VERB,O
systems,NOUN,O
and,CONJ,O
other,ADJ,O
things,NOUN,O
are,VERB,O
so,ADV,O
different,ADJ,O
in,ADP,O
each,DET,O
country,NOUN,O
that,ADJ,O
you,PRON,O
have,VERB,O
to,PART,O
address,VERB,O
them,PRON,O
individually,ADV,O
.,PUNCT,O
"""",PUNCT,O
--,PUNCT,O
CompuServe,PROPN,U-COM
spokesowman,NOUN,O
.,PUNCT,O
"""",PUNCT,O
##END,###,O
A,DET,B-DAT
couple,NOUN,I-DAT
of,ADP,I-DAT
years,NOUN,I-DAT
ago,ADV,L-DAT
there,ADV,O
were,VERB,O
only,ADV,O
a,DET,O
handful,NOUN,O
of,ADP,O
Web,NOUN,O
design,NOUN,O
agencies,NOUN,O
-,PUNCT,O
now,ADV,O
the,DET,O
industry,NOUN,O
is,VERB,O
worth,ADJ,O
approximately,ADV,O
Â£,SYM,B-MON
100,NUM,I-MON
million,NUM,L-MON
...,PUNCT,O
##END,###,O
Not,ADV,O
only,ADV,O
is,VERB,O
the,DET,O
Internet,NOUN,O
providing,VERB,O
real,ADJ,O
business,NOUN,O
benefits,NOUN,O
for,ADP,O
existing,VERB,O
UK,PROPN,U-GPE
SMEs,NOUN,O
",",PUNCT,O
it,PRON,O
is,VERB,O
creating,VERB,O
and,CONJ,O
sustaining,VERB,O
a,DET,O
lot,NOUN,O
more,ADJ,O
at,ADP,O
the,DET,O
same,ADJ,O
time,NOUN,O
.,PUNCT,O
"""",PUNCT,O
##END,###,O
--,PUNCT,O
Nick,PROPN,B-PPL
Gibson,PROPN,L-PPL
",",PUNCT,O
Internet,NOUN,O
analyst,NOUN,O
at,ADP,O
Durlacher,PROPN,B-COM
Research,PROPN,L-COM
.,PUNCT,O
##END,###,O
"""",PUNCT,O
If,ADP,O
we,PRON,O
had,VERB,O
to,PART,O
do,VERB,O
it,PRON,O
all,ADV,O
over,ADV,O
again,ADV,O
",",PUNCT,O
there,ADV,O
are,VERB,O
things,NOUN,O
we,PRON,O
would,VERB,O
do,VERB,O
better,ADJ,O
.,PUNCT,O
"""",PUNCT,O
##END,###,O
--,PUNCT,O
Bill,PROPN,B-PPL
Gates,PROPN,L-PPL
criticises,VERB,O
Microsoft,PROPN,U-COM
's,PART,O
record,NOUN,O
in,ADP,O
publishing,NOUN,O
.,PUNCT,O
##END,###,O
"""",PUNCT,O
Without,ADP,O
the,DET,O
Fool,PROPN,U-COM
's,PART,O
invaluable,ADJ,O
and,CONJ,O
clear,ADJ,O
guide,NOUN,O
to,ADP,O
investing,VERB,O
I,PRON,O
'd,VERB,O
only,ADV,O
have,VERB,O
my,ADJ,O
AOL,PROPN,U-COM
salary,NOUN,O
to,PART,O
survive,VERB,O
on,ADP,O
.,PUNCT,O
##END,###,O
As,ADP,O
it,PRON,O
is,VERB,O
",",PUNCT,O
I,PRON,O
've,VERB,O
been,VERB,O
able,ADJ,O
to,PART,O
put,VERB,O
food,NOUN,O
on,ADP,O
the,DET,O
table,NOUN,O
and,CONJ,O
clothes,NOUN,O
on,ADP,O
my,ADJ,O
back,NOUN,O
.,PUNCT,O
"""",PUNCT,O
##END,###,O
--,PUNCT,O
AOL,PROPN,U-COM
UK,PROPN,U-GPE
managing,VERB,O
director,NOUN,O
",",PUNCT,O
Jonathan,PROPN,B-PPL
Bulkeley,PROPN,L-PPL
",",PUNCT,O
welcoming,VERB,O
the,DET,O
Motley,PROPN,B-COM
Fool,PROPN,L-COM
online,ADJ,O
investment,NOUN,O
site,NOUN,O
's,PART,O
UK,PROPN,U-GPE
arrival,NOUN,O
.,PUNCT,O
##END,###,O
"""",PUNCT,O
We,PRON,O
're,VERB,O
going,VERB,O
to,PART,O
see,VERB,O
this,DET,O
through,PART,O
.,PUNCT,O
##END,###,O
This,DET,O
is,VERB,O
not,ADV,O
a,DET,O
joking,ADJ,O
matter,NOUN,O
.,PUNCT,O
"""",PUNCT,O
##END,###,O
--,PUNCT,O
WorldCom,PROPN,U-COM
boss,NOUN,O
Bernard,PROPN,B-PPL
Ebbers,PROPN,L-PPL
on,ADP,O
the,DET,O
hostile,ADJ,O
bid,NOUN,O
to,PART,O
snatch,VERB,O
away,ADV,O
MCI,PROPN,O
.,PUNCT,O
"""",PUNCT,O
##END,###,O
Intel,PROPN,U-COM
had,VERB,O
been,VERB,O
quiet,ADJ,O
about,ADP,O
its,ADJ,O
direction,NOUN,O
for,ADP,O
the,DET,O
future,NOUN,O
.,PUNCT,O
##END,###,O
This,DET,O
is,VERB,O
a,DET,O
key,ADJ,O
announcement,NOUN,O
for,ADP,O
the,DET,O
advancement,NOUN,O
of,ADP,O
Intel,PROPN,U-COM
architecture,NOUN,O
into,ADP,O
the,DET,O
enterprise,NOUN,O
level,NOUN,O
of,ADP,O
computing,NOUN,O
.,PUNCT,O
"""",PUNCT,O
##END,###,O
--,PUNCT,O
DataQuest,PROPN,U-COM
's,PART,O
Jerry,PROPN,B-PPL
Sheridan,PROPN,L-PPL
on,ADP,O
Intel,PROPN,U-COM
's,PART,O
purchase,NOUN,O
of,ADP,O
Corollary,PROPN,U-COM
.,PUNCT,O
##END,###,O
"""",PUNCT,O
If,ADP,O
we,PRON,O
have,VERB,O
[,PUNCT,O
a,DET,O
commitment,NOUN,O
to,PART,O
support,VERB,O
all,DET,O
of,ADP,O
Java,PROPN,B-PDT
Development,PROPN,I-PDT
Kit,PROPN,I-PDT
1.1,NUM,L-PDT
],PUNCT,O
",",PUNCT,O
you,PRON,O
will,VERB,O
see,VERB,O
both,DET,O
sides,NOUN,O
publicly,ADV,O
support,VERB,O
everything,NOUN,O
on,ADP,O
Tuesday,PROPN,U-DAT
.,PUNCT,O
##END,###,O
If,ADP,O
not,ADV,O
",",PUNCT,O
you,PRON,O
'll,VERB,O
see,VERB,O
us,PRON,O
take,VERB,O
action,NOUN,O
against,ADP,O
them,PRON,O
.,PUNCT,O
"""",PUNCT,O
##END,###,O
--,PUNCT,O
JavaSoft,PROPN,U-COM
president,NOUN,O
Alan,PROPN,B-PPL
Baratz,PROPN,L-PPL
on,ADP,O
guess,VERB,O
who,NOUN,O
.,PUNCT,O
##END,###,O
The,DET,O
defendant,NOUN,O
",",PUNCT,O
Craig,PROPN,B-PPL
Lee,PROPN,I-PPL
Hare,PROPN,L-PPL
of,ADP,O
Lake,PROPN,B-COM
Worth,PROPN,I-COM
",",PUNCT,I-COM
Fla.,PROPN,L-COM
",",PUNCT,O
agreed,VERB,O
to,ADP,O
the,DET,O
deal,NOUN,O
in,ADP,O
a,DET,O
settlement,NOUN,O
with,ADP,O
the,DET,O
FTC,PROPN,U-GOV
.,PUNCT,O
##END,###,O
It,PRON,O
's,VERB,O
the,DET,O
first,ADJ,O
time,NOUN,O
the,DET,O
agency,NOUN,O
has,VERB,O
issued,VERB,O
a,DET,O
lifetime,NOUN,O
ban,NOUN,O
barring,VERB,O
a,DET,O
defendant,NOUN,O
from,ADP,O
conducting,VERB,O
business,NOUN,O
on,ADP,O
the,DET,O
Internet,NOUN,O
",",PUNCT,O
and,CONJ,O
it,PRON,O
came,VERB,O
after,ADP,O
consumers,NOUN,O
bilked,VERB,O
by,ADP,O
the,DET,O
defendant,NOUN,O
complained,VERB,O
to,ADP,O
FTC,PROPN,U-GOV
investigators,NOUN,O
",",PUNCT,O
agency,NOUN,O
officials,NOUN,O
said,VERB,O
in,ADP,O
a,DET,O
news,NOUN,O
release,NOUN,O
.,PUNCT,O
"",SPACE,O
##END,###,O
Hare,PROPN,U-PPL
",",PUNCT,O
who,NOUN,O
also,ADV,O
goes,VERB,O
by,ADP,O
the,DET,O
name,NOUN,O
Danny,PROPN,B-PPL
Hare,PROPN,L-PPL
",",PUNCT,O
collected,VERB,O
between,ADP,O
$,SYM,B-MON
"20,000",NUM,L-MON
and,CONJ,O
$,SYM,B-MON
"25,000",NUM,L-MON
during,ADP,O
the,DET,O
month,NOUN,O
of,ADP,O
April,PROPN,U-DAT
from,ADP,O
25,NUM,O
consumers,NOUN,O
who,NOUN,O
were,VERB,O
the,DET,O
"""",PUNCT,O
winning,VERB,O
bidders,NOUN,O
"""",PUNCT,O
in,ADP,O
his,ADJ,O
online,ADJ,O
auctions,NOUN,O
for,ADP,O
new,ADJ,O
computers,NOUN,O
",",PUNCT,O
but,CONJ,O
never,ADV,O
delivered,VERB,O
the,DET,O
goods,NOUN,O
or,CONJ,O
any,DET,O
refunds,NOUN,O
to,ADP,O
his,ADJ,O
customers,NOUN,O
",",PUNCT,O
according,VERB,O
to,ADP,O
the,DET,O
FTC,PROPN,U-GOV
.,PUNCT,O
##END,###,O
The,DET,O
agency,NOUN,O
did,VERB,O
not,ADV,O
release,VERB,O
the,DET,O
name,NOUN,O
of,ADP,O
Hare,PROPN,U-PPL
's,PART,O
site,NOUN,O
.,PUNCT,O
##END,###,O
He,PRON,O
operated,VERB,O
under,ADP,O
numerous,ADJ,O
aliases,NOUN,O
and,CONJ,O
company,NOUN,O
names,NOUN,O
",",PUNCT,O
including,VERB,O
Experienced,PROPN,B-COM
Designed,VERB,I-COM
Computers,PROPN,l-COM
and,CONJ,O
C&H,PROPN,B-COM
Computer,PROPN,I-COM
Services,PROPN,L-COM
",",PUNCT,O
FTC,PROPN,U-GOV
officials,NOUN,O
said,VERB,O
.,PUNCT,O
##END,###,O
Under,ADP,O
the,DET,O
terms,NOUN,O
of,ADP,O
the,DET,O
deal,NOUN,O
",",PUNCT,O
Hare,PROPN,U-PPL
is,VERB,O
prohibited,VERB,O
from,ADP,O
advertising,NOUN,O
",",PUNCT,O
marketing,NOUN,O
or,CONJ,O
selling,VERB,O
goods,NOUN,O
on,ADP,O
the,DET,O
Internet,NOUN,O
",",PUNCT,O
the,DET,O
agency,NOUN,O
said,VERB,O
.,PUNCT,O
##END,###,O
Settlement,NOUN,O
must,VERB,O
be,VERB,O
approved,VERB,O
The,DET,O
settlement,NOUN,O
",",PUNCT,O
which,ADJ,O
still,ADV,O
must,VERB,O
be,VERB,O
approved,VERB,O
by,ADP,O
a,DET,O
federal,ADJ,O
district,NOUN,O
court,NOUN,O
in,ADP,O
West,PROPN,B-GPE
Palm,PROPN,I-GPE
Beach,PROPN,L-GPE
",",PUNCT,O
Fla.,PROPN,U-GPE
",",PUNCT,O
wraps,VERB,O
up,PART,O
the,DET,O
case,NOUN,O
first,ADV,O
filed,VERB,O
against,ADP,O
Hare,PROPN,U-PPL
in,ADP,O
April,PROPN,U-DAT
.,PUNCT,O
##END,###,O
At,ADP,O
the,DET,O
time,NOUN,O
",",PUNCT,O
the,DET,O
FTC,PROPN,U-GOV
won,VERB,O
a,DET,O
temporary,ADJ,O
restraining,NOUN,O
order,NOUN,O
against,ADP,O
Hare,PROPN,U-PPL
and,CONJ,O
froze,VERB,O
his,ADJ,O
assets,NOUN,O
pending,VERB,O
trial,NOUN,O
.,PUNCT,O
##END,###,O
The,DET,O
case,NOUN,O
is,VERB,O
one,NUM,O
of,ADP,O
38,NUM,O
such,ADJ,O
cases,NOUN,O
the,DET,O
FTC,PROPN,U-GOV
has,VERB,O
filed,VERB,O
against,ADP,O
the,DET,O
operators,NOUN,O
of,ADP,O
Internet,NOUN,O
scams,NOUN,O
.,PUNCT,O
##END,###,O
Most,ADJ,O
have,VERB,O
involved,VERB,O
phony,ADJ,O
sweepstakes,NOUN,O
contests,NOUN,O
and,CONJ,O
pyramid,NOUN,O
schemes,NOUN,O
.,PUNCT,O
##END,###,O
FTC,PROPN,U-GOV
officials,NOUN,O
did,VERB,O
not,ADV,O
immediately,ADV,O
return,VERB,O
phone,NOUN,O
calls,NOUN,O
seeking,VERB,O
comment,NOUN,O
.,PUNCT,O
##END,###,O
No,DET,O
telephone,NOUN,O
numbers,NOUN,O
are,VERB,O
listed,VERB,O
for,ADP,O
Hare,PROPN,U-PPL
or,CONJ,O
for,ADP,O
any,DET,O
of,ADP,O
his,ADJ,O
company,NOUN,O
names,NOUN,O
in,ADP,O
Florida,PROPN,U-GPE
records,NOUN,O
.,PUNCT,O
##END,###,O
As,ADP,O
"",SPACE,O
they,PRON,O
prepare,VERB,O
for,ADP,O
the,DET,O
latest,ADJ,O
round,NOUN,O
of,ADP,O
seminars,NOUN,O
and,CONJ,O
product,NOUN,O
announcements,NOUN,O
from,ADP,O
"",SPACE,O
the,DET,O
field,NOUN,O
's,PART,O
leading,ADJ,O
vendors,NOUN,O
",",PUNCT,O
publishing,NOUN,O
professionals,NOUN,O
face,VERB,O
some,DET,O
substantial,ADJ,O
"",SPACE,O
questions,NOUN,O
about,ADP,O
the,DET,O
very,ADJ,O
future,NOUN,O
of,ADP,O
their,ADJ,O
industry,NOUN,O
.,PUNCT,O
##END,###,O
Not,ADV,O
that,ADP,O
there,ADV,O
's,VERB,O
reason,NOUN,O
for,ADP,O
depression,NOUN,O
:,PUNCT,O
The,DET,O
frenzy,NOUN,O
of,ADP,O
the,DET,O
dotcom,NOUN,O
age,NOUN,O
has,VERB,O
"",SPACE,O
galvanized,VERB,O
the,DET,O
market,NOUN,O
.,PUNCT,O
##END,###,O
Visitors,NOUN,O
to,ADP,O
the,DET,O
Hynes,PROPN,O
Convention,PROPN,O
Center,PROPN,O
this,DET,B-DAT
week,NOUN,L-DAT
"",SPACE,O
will,VERB,O
be,VERB,O
as,ADP,O
preoccupied,VERB,O
with,ADP,O
the,DET,O
demands,NOUN,O
of,ADP,O
e,PUNCT,O
-,PUNCT,O
commerce,NOUN,O
as,ADP,O
they,PRON,O
are,VERB,O
with,ADP,O
more,ADJ,O
"",SPACE,O
traditional,ADJ,O
DTP,PROPN,O
tasks,NOUN,O
such,ADJ,O
as,ADP,O
finding,VERB,O
the,DET,O
perfect,ADJ,O
Portable,PROPN,O
Document,ADJ,O
Format,PROPN,O
(,PUNCT,O
PDF,PROPN,O
),PUNCT,O
"",SPACE,O
work,NOUN,O
flow,VERB,O
for,ADP,O
their,ADJ,O
prepress,ADJ,O
projects,NOUN,O
.,PUNCT,O
##END,###,O
Those,DET,O
new,ADJ,O
challenges,NOUN,O
have,VERB,O
added,VERB,O
a,DET,O
new,ADJ,O
layer,NOUN,O
of,ADP,O
complexity,NOUN,O
to,ADP,O
the,DET,O
publishing,NOUN,O
"",SPACE,O
market,NOUN,O
.,PUNCT,O
##END,###,O
Thanks,NOUN,O
to,ADP,O
the,DET,O
Web,NOUN,O
",",PUNCT,O
professionals,NOUN,O
traditionally,ADV,O
responsible,ADJ,O
for,ADP,O
"",SPACE,O
solving,VERB,O
print,NOUN,O
-,PUNCT,O
based,VERB,O
production,NOUN,O
problems,NOUN,O
now,ADV,O
face,VERB,O
additional,ADJ,O
",",PUNCT,O
more,ADV,O
-,PUNCT,O
elusive,ADJ,O
"",SPACE,O
hurdles,NOUN,O
.,PUNCT,O
##END,###,O
What,NOUN,O
's,VERB,O
more,ADJ,O
",",PUNCT,O
the,DET,O
print,NOUN,O
-,PUNCT,O
related,VERB,O
questions,NOUN,O
they,PRON,O
've,VERB,O
tackled,VERB,O
over,ADP,O
the,DET,O
"",SPACE,O
past,ADJ,O
decade,NOUN,O
haven't,X,O
vanished,VERB,O
into,ADP,O
thin,ADJ,O
air,NOUN,O
just,ADV,O
because,ADP,O
the,DET,O
Web,NOUN,O
has,VERB,O
evolved,VERB,O
"",SPACE,O
from,ADP,O
interesting,ADJ,O
technology,NOUN,O
to,ADP,O
a,DET,O
billion,NUM,O
-,PUNCT,O
dollar,NOUN,O
industry,NOUN,O
in,ADP,O
a,DET,O
few,ADJ,O
years,NOUN,O
.,PUNCT,O
##END,###,O
To,PART,O
put,VERB,O
it,PRON,O
succinctly,ADV,O
:,PUNCT,O
The,DET,O
publishing,NOUN,O
industry,NOUN,O
is,VERB,O
painfully,ADV,O
aware,ADJ,O
that,ADP,O
the,DET,O
"",SPACE,O
age,NOUN,O
of,ADP,O
certainties,NOUN,O
has,VERB,O
logged,VERB,O
off,PART,O
for,ADP,O
the,DET,O
time,NOUN,O
being,VERB,O
.,PUNCT,O
##END,###,O
What,NOUN,O
's,VERB,O
more,ADJ,O
",",PUNCT,O
those,DET,O
"",SPACE,O
technology,NOUN,O
issues,NOUN,O
exist,VERB,O
even,ADV,O
for,ADP,O
professional,ADJ,O
users,NOUN,O
who,NOUN,O
are,VERB,O
totally,ADV,O
"",SPACE,O
oblivious,ADJ,O
to,ADP,O
the,DET,O
Internet,NOUN,O
.,PUNCT,O
##END,###,O
Electronic,ADJ,O
publishing,NOUN,O
--,PUNCT,O
once,ADP,O
a,DET,O
comparatively,ADV,O
"",SPACE,O
stable,ADJ,O
field,NOUN,O
after,ADP,O
the,DET,O
initial,ADJ,O
upheaval,NOUN,O
of,ADP,O
the,DET,O
DTP,PROPN,O
revolution,NOUN,O
--,PUNCT,O
has,VERB,O
"",SPACE,O
returned,VERB,O
to,ADP,O
a,DET,O
zone,NOUN,O
of,ADP,O
turbulence,NOUN,O
that,ADJ,O
extends,VERB,O
far,ADV,O
beyond,ADP,O
such,ADJ,O
innocuous,ADJ,O
"",SPACE,O
questions,NOUN,O
such,ADJ,O
as,ADP,O
what,NOUN,O
new,ADJ,O
features,NOUN,O
the,DET,O
next,ADJ,O
release,NOUN,O
of,ADP,O
Adobe,PROPN,U-COM
Illustrator,PROPN,U-PDT
may,VERB,O
"",SPACE,O
provide,VERB,O
their,ADJ,O
design,NOUN,O
departments,NOUN,O
.,PUNCT,O
##END,###,O
Enter,VERB,O
Microsoft,PROPN,U-COM
?,PUNCT,O
##END,###,O
Let,VERB,O
's,PRON,O
start,VERB,O
from,ADP,O
the,DET,O
ground,NOUN,O
up,PART,O
",",PUNCT,O
with,ADP,O
operating,VERB,O
systems,NOUN,O
.,PUNCT,O
##END,###,O
Now,ADV,O
that,ADP,O
Windows,PROPN,B-PDT
"",SPACE,I-PDT
2000,NUM,l-PDT
is,VERB,O
just,ADV,O
around,ADP,O
the,DET,O
corner,NOUN,O
",",PUNCT,O
the,DET,O
Macintosh,PROPN,U-PDT
--,PUNCT,O
still,ADV,O
by,ADP,O
and,CONJ,O
large,ADJ,O
the,DET,O
"",SPACE,O
standard,NOUN,O
for,ADP,O
professional,ADJ,O
publishing,NOUN,O
--,PUNCT,O
may,VERB,O
start,VERB,O
to,PART,O
feel,VERB,O
the,DET,O
heat,NOUN,O
.,PUNCT,O
##END,###,O
The,DET,O
new,ADJ,O
"",SPACE,O
version,NOUN,O
of,ADP,O
Microsoft,PROPN,B-COM
Corp.,PROPN,L-COM
's,PART,O
OS,NOUN,O
will,VERB,O
offer,VERB,O
native,ADJ,O
PostScript,PROPN,U-PDT
support,NOUN,O
",",PUNCT,O
"",SPACE,O
OpenType,PROPN,U-PDT
compatibility,NOUN,O
and,CONJ,O
color,NOUN,O
management,NOUN,O
",",PUNCT,O
to,PART,O
name,VERB,O
a,DET,O
few,ADJ,O
new,ADJ,O
features,NOUN,O
"",SPACE,O
tailored,VERB,O
to,ADP,O
the,DET,O
publishing,NOUN,O
professionals,NOUN,O
who,NOUN,O
comprise,VERB,O
one,NUM,O
of,ADP,O
the,DET,O
Mac,PROPN,U-PDT
's,PART,O
"",SPACE,O
earliest,ADJ,O
and,CONJ,O
most,ADV,O
enduring,ADJ,O
core,NOUN,O
markets,NOUN,O
.,PUNCT,O
##END,###,O
Will,VERB,O
Windows,PROPN,B-PDT
2000,NUM,L-PDT
emerge,VERB,O
as,ADP,O
a,DET,O
genuine,ADJ,O
threat,NOUN,O
to,ADP,O
Apple,PROPN,U-COM
's,PART,O
(,PUNCT,O
Nasdaq,PROPN,U-COM
:,PUNCT,O
AAPL,PROPN,U-COM
),PUNCT,O
market,NOUN,O
dominance,NOUN,O
?,PUNCT,O
##END,###,O
It,PRON,O
's,VERB,O
still,ADV,O
too,ADV,O
early,ADJ,O
to,PART,O
tell,VERB,O
.,PUNCT,O
##END,###,O
In,ADP,O
any,DET,O
case,NOUN,O
",",PUNCT,O
it,PRON,O
will,VERB,O
be,VERB,O
interesting,ADJ,O
"",SPACE,O
to,PART,O
see,VERB,O
how,ADV,O
Microsoft,PROPN,U-COM
(,PUNCT,O
Nasdaq,PROPN,U-COM
:,PUNCT,O
MSFT,PROPN,U-COM
),PUNCT,O
 "",SPACE,O
pitches,NOUN,O
the,DET,O
long,ADV,O
-,PUNCT,O
delayed,VERB,O
OS,NOUN,O
at,ADP,O
Seybold,PROPN,O
.,PUNCT,O
##END,###,O
Whatever,ADJ,O
"",SPACE,O
Microsoft,PROPN,U-COM
's,PART,O
strategy,NOUN,O
",",PUNCT,O
do,VERB,O
n't,ADV,O
expect,VERB,O
an,DET,O
immediate,ADJ,O
response,NOUN,O
from,ADP,O
Apple,PROPN,U-COM
:,PUNCT,O
The,DET,O
"",SPACE,O
company,NOUN,O
has,VERB,O
apparently,ADV,O
made,VERB,O
the,DET,O
surprising,ADJ,O
decision,NOUN,O
not,ADV,O
to,PART,O
put,VERB,O
in,ADP,O
an,DET,O
"",SPACE,O
appearance,NOUN,O
at,ADP,O
Seybold,PROPN,O
.,PUNCT,O
##END,###,O
Strange,ADJ,O
indeed,ADV,O
.,PUNCT,O
##END,###,O
InDesign,PROPN,U-PDT
redux,NOUN,O
?,PUNCT,O
##END,###,O
OS,NOUN,O
issues,NOUN,O
aside,ADV,O
",",PUNCT,O
consider,VERB,O
the,DET,O
range,NOUN,O
of,ADP,O
software,NOUN,O
applications,NOUN,O
.,PUNCT,O
##END,###,O
A,DET,O
year,NOUN,O
ago,ADV,O
Adobe,PROPN,B-COM
Systems,PROPN,I-COM
Inc.,PROPN,L-COM
(,PUNCT,O
Nasdaq,PROPN,U-COM
:,PUNCT,O
ADBE,PROPN,U-COM
),PUNCT,O
of,ADP,O
San,PROPN,B-GPE
Jose,PROPN,L-GPE
",",PUNCT,O
Calif.,PROPN,U-GPE
",",PUNCT,O
officially,ADV,O
"",SPACE,O
announced,VERB,O
InDesign,PROPN,U-PDT
",",PUNCT,O
a,DET,O
serious,ADJ,O
competitor,NOUN,O
to,ADP,O
Denver,PROPN,U-GPE
-,PUNCT,O
based,VERB,O
Quark,PROPN,B-COM
Inc.,PROPN,L-COM
's,PART,O
QuarkXPress,PROPN,U-PDT
in,ADP,O
the,DET,O
"",SPACE,O
realm,NOUN,O
of,ADP,O
professional,ADJ,O
-,PUNCT,O
class,NOUN,O
page,NOUN,O
layout,NOUN,O
.,PUNCT,O
##END,###,O
Now,ADV,O
",",PUNCT,O
less,ADJ,O
than,ADP,O
six,NUM,O
months,NOUN,O
after,ADP,O
the,DET,O
"",SPACE,O
program,NOUN,O
first,ADV,O
"",SPACE,O
hit,VERB,O
the,DET,O
market,NOUN,O
",",PUNCT,O
rumors,NOUN,O
about,ADP,O
InDesign,PROPN,B-PDT
1.5,NUM,L-PDT
are,VERB,O
gaining,VERB,O
volume,NOUN,O
and,CONJ,O
"",SPACE,O
intensity,NOUN,O
.,PUNCT,O
##END,###,O
The,DET,O
arrival,NOUN,O
of,ADP,O
this,DET,O
first,ADJ,O
major,ADJ,O
revision,NOUN,O
should,VERB,O
be,VERB,O
a,DET,O
decisive,ADJ,O
moment,NOUN,O
in,ADP,O
the,DET,O
"",SPACE,O
Adobe,PROPN,U-COM
-,PUNCT,O
Quark,PROPN,U-COM
arms,NOUN,O
race,NOUN,O
.,PUNCT,O
##END,###,O
While,ADP,O
InDesign,PROPN,B-PDT
1.0,NUM,L-PDT
is,VERB,O
an,DET,O
interesting,ADJ,O
achievement,NOUN,O
",",PUNCT,O
the,DET,O
"",SPACE,O
real,ADJ,O
confrontation,NOUN,O
between,ADP,O
the,DET,O
two,NUM,O
programs,NOUN,O
will,VERB,O
only,ADV,O
begin,VERB,O
once,ADV,O
Adobe,PROPN,U-COM
has,VERB,O
"",SPACE,O
delivered,VERB,O
the,DET,O
refinements,NOUN,O
expected,VERB,O
in,ADP,O
its,ADJ,O
next,ADJ,O
rev,NOUN,O
--,PUNCT,O
and,CONJ,O
when,ADV,O
Quark,PROPN,U-COM
has,VERB,O
"",SPACE,O
shipped,VERB,O
the,DET,O
yet,ADV,O
-,PUNCT,O
to,PART,O
-,PUNCT,O
be,VERB,O
-,PUNCT,O
announced,VERB,O
XPress,PROPN,B-PDT
5,NUM,L-PDT
.,PUNCT,O
"",SPACE,O
##END,###,O
Perhaps,ADV,O
we,PRON,O
'll,VERB,O
know,VERB,O
a,DET,O
little,ADJ,O
bit,NOUN,O
more,ADJ,O
about,ADP,O
both,DET,O
sides,NOUN,O
',PART,O
arsenals,NOUN,O
by,ADP,B-DAT
the,DET,I-DAT
end,NOUN,I-DAT
"",SPACE,I-DAT
of,ADP,I-DAT
the,DET,I-DAT
week,NOUN,L-DAT
.,PUNCT,O
##END,###,O
Whatever,ADJ,O
news,NOUN,O
it,PRON,O
provides,VERB,O
about,ADP,O
InDesign,PROPN,U-COM
",",PUNCT,O
industry,NOUN,O
insiders,NOUN,O
expect,VERB,O
a,DET,O
busy,ADJ,O
"",SPACE,O
week,NOUN,O
for,ADP,O
Adobe,PROPN,U-COM
.,PUNCT,O
##END,###,O
Among,ADP,O
the,DET,O
rumored,ADJ,O
announcements,NOUN,O
:,PUNCT,O
Version,NOUN,O
9.0,NUM,O
of,ADP,O
"",SPACE,O
Illustrator,PROPN,U-PDT
",",PUNCT,O
the,DET,O
company,NOUN,O
's,PART,O
venerable,ADJ,O
vector,NOUN,O
-,PUNCT,O
graphics,NOUN,O
application,NOUN,O
;,PUNCT,O
some,DET,O
"",SPACE,O
formal,ADJ,O
announcement,NOUN,O
of,ADP,O
Adobe,PROPN,U-COM
's,PART,O
forthcoming,ADJ,O
work,NOUN,O
-,PUNCT,O
flow,NOUN,O
technology,NOUN,O
",",PUNCT,O
code,NOUN,O
-,PUNCT,O
named,VERB,O
"",SPACE,O
Stilton,PROPN,U-PDT
",",PUNCT,O
as,ADV,O
well,ADV,O
as,ADP,O
new,ADJ,O
PDF,PROPN,O
workflow,PROPN,O
tools,NOUN,O
;,PUNCT,O
and,CONJ,O
Ground,PROPN,B-PDT
Zero,PROPN,L-PDT
",",PUNCT,O
a,DET,O
competitor,NOUN,O
to,ADP,O
"",SPACE,O
Macromedia,PROPN,B-COM
Inc.,PROPN,L-COM
's,PART,O
Flash,PROPN,U-PDT
technology,NOUN,O
for,ADP,O
vector,NOUN,O
-,PUNCT,O
based,VERB,O
Web,NOUN,O
graphics,NOUN,O
.,PUNCT,O
##END,###,O
Any,DET,O
way,NOUN,O
you,PRON,O
look,VERB,O
at,ADP,O
it,PRON,O
",",PUNCT,O
this,DET,O
promises,VERB,O
to,PART,O
be,VERB,O
an,DET,O
interesting,ADJ,O
week,NOUN,O
for,ADP,O
print,NOUN,O
"",SPACE,O
and,CONJ,O
Web,NOUN,O
content,NOUN,O
creators,NOUN,O
.,PUNCT,O
##END,###,O
Stay,VERB,O
tuned,VERB,O
for,ADP,O
more,ADJ,O
.,PUNCT,O
##END,###,O
